﻿,title,link,view,upload_date
0,"지금부터 '이 주식' 꼭 사야 한다, 놓치면 반드시 후회합니다 (전업투자자 김정수)",https://youtube.com/watch?v=TmTSczyw6lg&pp=ygUT7Yis7J6Q7KKF66qpIOy2lOyynA%3D%3D,7.7만회,1개월 전
1,"2차전지 다음으로 3년간 큰돈 벌 기회가 왔어요 '이 주식' 사 모으세요 (장기 투자, 저평가 주식)",https://youtube.com/watch?v=qhAABUhN_ms&pp=ygUT7Yis7J6Q7KKF66qpIOy2lOyynA%3D%3D,14만회,조회수 53만회
2,국내 ETF주식 세 종목만 모으셔도 부자가 됩니다 !,https://youtube.com/watch?v=FCK-Wl2cjpo&pp=ygUT7Yis7J6Q7KKF66qpIOy2lOyynA%3D%3D,33만회,조회수 326만회
3,국내 배당주식 세 종목만 모으셔도 부자가 됩니다!,https://youtube.com/watch?v=1AIl51rqe4w&pp=ygUT7Yis7J6Q7KKF66qpIOy2lOyynA%3D%3D,39만회,1년 전
4,"2023년 배당주 추천 종목 완벽 정리! (투자 방법, 배당금 많은 주식 순위, 고배당주)",https://youtube.com/watch?v=Mq1XCWg3hvk&pp=ygUT7Yis7J6Q7KKF66qpIOy2lOyynA%3D%3D,5.5천회,5개월 전
5,[주식] 8월에 안 사면 바보되는 '이 주식' 사라! 밧데리 아저씨가 닥치고 사모으라고 한 2차전지 리튬 대박종목! 지금 사면 큰 돈 벌어요! 에코프로 포스코DX 금양보다 좋다,https://youtube.com/watch?v=fIDcklpqfDM&pp=ygUT7Yis7J6Q7KKF66qpIOy2lOyynA%3D%3D,1만회,2개월 전
6,"주식 시장 완전히 달라집니다. 하반기 '이 주식' 주목해 보세요 (하반기 유망주, 주식 전망)",https://youtube.com/watch?v=d5UdajN2ms0&pp=ygUT7Yis7J6Q7KKF66qpIOy2lOyynA%3D%3D,6.6천회,3개월 전
7,[주식] LG에너지솔루션/삼성SDI 5조 투자 독점 2차전지 다음 대장주 '이 기업' 무조건 사라! 하반기 내내 30배 오를겁니다! 포스코DX 에코프로 금양 이수페타시스보다 좋아요,https://youtube.com/watch?v=KFXtIjIsrVw&pp=ygUT7Yis7J6Q7KKF66qpIOy2lOyynA%3D%3D,33만회,조회수 4.4만회
8,"주식시장 곧 크게 오를겁니다, 그때 '이 주식을' 꼭 사세요 (개그맨 황현희)",https://youtube.com/watch?v=eFmDfJZ64k0&pp=ygUT7Yis7J6Q7KKF66qpIOy2lOyynA%3D%3D,없음,18시간 전
9,"저를 돈 벌게 해준 33가지 원칙 공개 합니다! 이것만 지키면 돈 안 잃어요! (주식투자, 경제적자유) 김정수 전업투자가",https://youtube.com/watch?v=lPUjm1JbQss&pp=ygUT7Yis7J6Q7KKF66qpIOy2lOyynA%3D%3D,1.5만회,스트리밍 시간: 1개월 전
10,[에코프로/포스코홀딩스]🌈에코프로 머티리얼즈 연내상장으로 그룹 계획 시작된다. 그룹 전체 긍정적인 상승효과. 최정우 포스코회장 검찰 송치 임기 못채우나?  박순혁 선대인TV,https://youtube.com/watch?v=Dzn3E50rw1s&pp=ygUT7Yis7J6Q7KKF66qpIOy2lOyynA%3D%3D,4.9천회,3개월 전
11,오르는 종목들 N가지 특징,https://youtube.com/watch?v=eD30CtF5hYg&pp=ygUT7Yis7J6Q7KKF66qpIOy2lOyynA%3D%3D,7개월 전,조회수 59만회
12,"매월 35만원 '이 주식' 사세요, 나중에 19억이 됩니다 (수페TV)",https://youtube.com/watch?v=76JJAuVm12g&pp=ygUT7Yis7J6Q7KKF66qpIOy2lOyynA%3D%3D,13만회,조회수 38만회
13,[주식]증시 조만간 반등시작 반도체에 주목하라 이런 종목이 급등합니다(20230820일)주식 주식투자 주식강의 주식공부 주식초보 주식단타 주식고수 단타매매,https://youtube.com/watch?v=GcGHdaXiHZo&pp=ygUT7Yis7J6Q7KKF66qpIOy2lOyynA%3D%3D,5.1만회,조회수 3.1만회
14,"4월24일  상한가 예상되는 종목 추천! -  네옴시티 투자설명회 개최 , 선순한 테마로 다시 급등할 가능성 있습니다 - 세력도 다털림 , 세력 긴급 재매수",https://youtube.com/watch?v=61tQXJLo3OA&pp=ygUT7Yis7J6Q7KKF66qpIOy2lOyynA%3D%3D,51만회,2년 전
15,"'이 2개 주식은' 2025년까지 계속 사세요, 큰 부가 됩니다 (염승환 이사)",https://youtube.com/watch?v=yajSBwEt9Q4&pp=ygUT7Yis7J6Q7KKF66qpIOy2lOyynA%3D%3D,19만회,3개월 전
16,애플 주식을 1주도 팔지 않고 3년 동안 매월 모았더니 이렇게 되었습니다,https://youtube.com/watch?v=qX_iPGv9mII&pp=ygUT7Yis7J6Q7KKF66qpIOy2lOyynA%3D%3D,2.2천회,3개월 전
17,"[함께배우기] 54일차, 종목선정 이렇게 하세요!(Feat.염승환 이사가 밤마다 하는 일)",https://youtube.com/watch?v=vVYe_7Au2es&pp=ygUT7Yis7J6Q7KKF66qpIOy2lOyynA%3D%3D,1.6만회,스트리밍 시간: 3개월 전
18,"'이 기업은' 10배 성장한다, 제 주식투자 포트폴리오 공개합니다 (선대인 소장)",https://youtube.com/watch?v=gJnCNu8aoLw&pp=ygUT7Yis7J6Q7KKF66qpIOy2lOyynA%3D%3D,519만회,조회수 30만회
19,"[주식] 🎁포스코DX보다 더 오를 2차전지 '이 주식' 무조건 사라! 최소 30%, 결국 하반기에 20배 오를겁니다! 삼성이 아무도 모르게 인수합병 추진하던 폐배터리 우량주",https://youtube.com/watch?v=9UPi00L1HwA&pp=ygUT7Yis7J6Q7KKF66qpIOy2lOyynA%3D%3D,14만회,1년 전
20,"[주식] 에코프로, 이수페타시스 다음 2차전지 대장주 '이 주식' 무조건 사세요! 제 2의 리튬 텐배거! 최소 7배는 오를겁니다. 외국인들은 지금 금양, 포스코 팔고 이 주식 사요",https://youtube.com/watch?v=zi9MupkHba0&pp=ygUT7Yis7J6Q7KKF66qpIOy2lOyynA%3D%3D,3.7만회,2개월 전
21,"빠져도 너무 빠진 '이 주식', 조만간 대역전극 펼쳐진다 (부자아빠 정재호 / 3부)",https://youtube.com/watch?v=4VOiG8U07lE&pp=ygUT7Yis7J6Q7KKF66qpIOy2lOyynA%3D%3D,36만회,2년 전
22,"종목추천 이제 그만! 방법과 원리를 알아야 주식투자로 큰돈 벌 수 있습니다.ㅣ김종봉, 돈 공부는 처음이라ㅣ부자회사원 주식투자 강의 공부 책 추천",https://youtube.com/watch?v=umYCTUpyvJo&pp=ygUT7Yis7J6Q7KKF66qpIOy2lOyynA%3D%3D,1.6만회,스트리밍 시간: 1개월 전
23,7월13일  상한가 예상되는 종목 추천! - 황제주가 들어온다 내일 전야제 세력 난리났다 - 수익을 여기저기서 낼수있는 종목 손실보면 바보소리 듣는다,https://youtube.com/watch?v=rIxfG5uzXNs&pp=ygUT7Yis7J6Q7KKF66qpIOy2lOyynA%3D%3D,13만회,2주 전
24,[주식] 6월20일 화요일 종목추천! 1200조 우크라 재건 수주단에 참여할 '이주식' 올해 가장 급등합니다. 지금 사세요!! 100만원만 넣어도 5000만원 만들어 줄 주식,https://youtube.com/watch?v=QuoCd3Unz6s&pp=ygUT7Yis7J6Q7KKF66qpIOy2lOyynA%3D%3D,45만회,9개월 전
25,[주식] 삼성 인수합병 잭팟 터진 인공지능 AI '이 주식' 무식하게 사세요! 압도적 세계 1위 아무도 몰랐던 저평가 우량주! 안터지면 채널삭제! 지금 사면 큰 돈 벌고 부자됩니다,https://youtube.com/watch?v=Ei_honLM65k&pp=ygUT7Yis7J6Q7KKF66qpIOy2lOyynA%3D%3D,2년 전,조회수 1.6만회
26,"'이 주식은' 2025년까지 계속 사세요, 큰 부가 됩니다 (염승환 이사)",https://youtube.com/watch?v=z9gwejfgM3w&pp=ygUT7Yis7J6Q7KKF66qpIOy2lOyynA%3D%3D,4개월 전,조회수 7.1만회
27,24년차 주식쟁이가 관심갖고 보는 업종은?,https://youtube.com/shorts/RC4zD8sMzBk,4개월 전,조회수 10만회
28,"'이 2개 주식은' 2025년까지 계속 사세요, 큰 부가 됩니다 (염승환 이사)",https://youtube.com/watch?v=yajSBwEt9Q4&pp=ygUT7Yis7J6Q7KKF66qpIOy2lOyynA%3D%3D,3개월 전,조회수 269만회
29,[급등주 추천]-테슬라 합작법인 통과!! 9월25일 꼭 매수하세요! 월요일 상한가 직행입니다! 마지막 수익찬스! 상한가 종목추천 급등주 무료단타 단타 추천종목 종목추천,https://youtube.com/watch?v=a6VgPtLS9DA&pp=ygUT7Yis7J6Q7KKF66qpIOy2lOyynA%3D%3D,스트리밍 시간: 1개월 전,조회수 1.3만회
30,🌈[마지막추천] 무조건 있는거 시초가에 다 때려박으세요! 제 2의 금양 에코프로 '이종목' 내일부터 800배 터진다! 안터지면 채널삭제 전고체배터리 최고기술력 보유 레몬 이수화학,https://youtube.com/watch?v=PiZ8eULgfGk&pp=ygUT7Yis7J6Q7KKF66qpIOy2lOyynA%3D%3D,5개월 전,조회수 21만회
31,[급등주 추천]-테슬라 합작법인 통과!! 9월25일 꼭 매수하세요! 월요일 상한가 직행입니다! 마지막 수익찬스! 상한가 종목추천 급등주 무료단타 단타 추천종목 종목추천,https://youtube.com/watch?v=Ix2uhrdbYtw&pp=ygUT7Yis7J6Q7KKF66qpIOy2lOyynA%3D%3D,1년 전,조회수 221회
32,"장기투자로 좋은 유망주식, '이 중에서' 결정하세요 (전인구 소장)",https://youtube.com/watch?v=6xcmGQeAvR4&pp=ygUT7Yis7J6Q7KKF66qpIOy2lOyynA%3D%3D,6개월 전,조회수 72회
33,"8월 17일 목요일 무료추천종목 LIVE - 단타매매, 시황분석",https://youtube.com/watch?v=jNzM-QJOMtI&pp=ygUT7Yis7J6Q7KKF66qpIOy2lOyynA%3D%3D,1년 전,조회수 1.6만회
34,"9월 20일 수요일 무료추천종목 LIVE - 단타매매, 시황분석",https://youtube.com/watch?v=TC0TX7-lP1c&pp=ygUT7Yis7J6Q7KKF66qpIOy2lOyynA%3D%3D,5개월 전,조회수 1.8천회
35,지금은 '이 2개 주식' 사놓고 기다리면 큰 부가 될 겁니다 (선대인 소장),https://youtube.com/watch?v=Cm5fnqIcHLw&pp=ygUT7Yis7J6Q7KKF66qpIOy2lOyynA%3D%3D,6개월 전,조회수 7.2만회
36,[주식] 2차전지 다 떨어져도 '이 주식'은 지금이 상승 시작이다! 무조건 사라! 하반기 200배 대상승 확신 대박ㅣ김작가TV 박순혁_에코프로 포스코홀딩스 금양보다 2배 더 올라요,https://youtube.com/watch?v=F_seTSWOMTg&pp=ygUT7Yis7J6Q7KKF66qpIOy2lOyynA%3D%3D,7개월 전,조회수 23만회
37,[주식] 하반기 내내 계속 오를 2차전지 리튬 대장주 '이 주식' 무조건 사세요!! 미친듯이 성장할 겁니다!! 에코프로비엠 에코프로 금양 이수페타시스 포스코DX보다 더 오를 리튬,https://youtube.com/watch?v=hMdiAx_Gb5I&pp=ygUT7Yis7J6Q7KKF66qpIOy2lOyynA%3D%3D,9개월 전,조회수 5.5천회
38,"[주식] 6월16일 금요일 종목추천 에코프로,금양 다음으로 시장을 주도할 '이주식' 삼성이 인수할 LFP 배터리 종목 입니다. 6월 99.99% 확정 호재가 있는 만큼 꼭 사두세요",https://youtube.com/watch?v=r5tPybaN8uc&pp=ygUT7Yis7J6Q7KKF66qpIOy2lOyynA%3D%3D,2년 전,조회수 1.5만회
39,[주식] 삼성 AI로봇 진짜 대장주 '이 주식' 무조건 사세요! 정부 양자컴퓨터 3조 투자 수혜까지 독점하는 7월 주도주입니다. 에코프로 이수페타시스보다 4배 더 갈 저평가 우량주,https://youtube.com/watch?v=7vZVgh0oAvQ&pp=ygUT7Yis7J6Q7KKF66qpIOy2lOyynA%3D%3D,3개월 전,조회수 19만회
40,🔥주식 7월27일 목요일 종목추천🔥 2차전지 다 팔고 리튬만 사야합니다. 개미털기 끝난 지금 무조건 쓸어담으세요 [밧데리 아저씨 8개 추천주 금양 포스코DX 에코프로 포스코홀딩스],https://youtube.com/watch?v=ViBYDIwKaPY&pp=ygUT7Yis7J6Q7KKF66qpIOy2lOyynA%3D%3D,8개월 전,조회수 30회
41,[주식] 삼성이 직접 골라 작정하고 밀어주는 2차전지 '이 주식' 무조건 사세요!! 에코프로 다음 대장주!! 에코프로비엠 이수페타시스 금양 이엔플러스보다 더 오르는 전고체 탑픽,https://youtube.com/watch?v=lXlHecCotHs&pp=ygUT7Yis7J6Q7KKF66qpIOy2lOyynA%3D%3D,5일 전,조회수 2.1만회
42,[한국경제TV LIVE] No.1 경제/증권 채널,https://youtube.com/watch?v=NJUjU9ALj4A&pp=ygUT7Yis7J6Q7KKF66qpIOy2lOyynA%3D%3D,3개월 전,조회수 102회
43,힐링여행자가 추천하는 20개의 ETF 종목은? ETF를 추천하는 이유는 자동으로 분산 투자가 가능하기 때문입니다. 한 종목에 너무 많은 비중을 두지 마세요,https://youtube.com/watch?v=MPhKSB6pD1E&pp=ygUT7Yis7J6Q7KKF66qpIOy2lOyynA%3D%3D,1년 전,조회수 29만회
44,"2차전지 주식 아직 못 샀으면, '딱 3개 주식만' 사세요 (선대인 소장)",https://youtube.com/watch?v=6x24hj4CDA0&pp=ygUT7Yis7J6Q7KKF66qpIOy2lOyynA%3D%3D,4개월 전,조회수 1.3만회
45,[주식] 초격차! 기술 간격 더 벌립니다. 2차전지 100% 사도 됩니다. '이 주식'부터 사 모으세요. 대박납니다.(웅달책방 박순혁 작가 추천종목 / 풀버전),https://youtube.com/watch?v=vO55ohmvIN4&pp=ygUT7Yis7J6Q7KKF66qpIOy2lOyynA%3D%3D,11개월 전,조회수 4.7만회
46,"[주식] 6월15일 목요일 종목추천 금양,에코프로 보다 100배 더 올라갈 '이주식' 결국 세계 1위 찍을 나노 배터리 기술 보유! 지금이 가장 싼 가격입니다. 무조건 사두세요",https://youtube.com/watch?v=Rg9XT4kKOaU&pp=ygUT7Yis7J6Q7KKF66qpIOy2lOyynA%3D%3D,2년 전,조회수 1.3만회
47,[8월17일 급등주추천] 초전도체 다 팔고 세계1위 삼성이 인수할 로봇 이주식 당장사라  50만원 넣으면 한달 뒤 5천됩니다,https://youtube.com/watch?v=o78cmzHln4k&pp=ygUT7Yis7J6Q7KKF66qpIOy2lOyynA%3D%3D,1년 전,조회수 49만회
48,"9월 21일 목요일 무료추천종목 LIVE - 단타매매, 시황분석",https://youtube.com/watch?v=pPP6onvcVWI&pp=ygUT7Yis7J6Q7KKF66qpIOy2lOyynA%3D%3D,8개월 전,조회수 3.7만회
49,지금은 '이 2개 주식' 사놓고 기다리면 큰 부가 될 겁니다 (부자아빠 정재호 풀버전),https://youtube.com/watch?v=258Bdkw0q1Y&pp=ygUT7Yis7J6Q7KKF66qpIOy2lOyynA%3D%3D,9개월 전,조회수 23만회
50,[라이브] 대한민국 대표 재테크 채널 매일경제TV,https://youtube.com/watch?v=s9xL1DpBsfQ&pp=ygUT7Yis7J6Q7KKF66qpIOy2lOyynA%3D%3D,4개월 전,조회수 11회
51,"[주식] 7월부터 20배 대상승 시작하는 '이 기업' 무조건 사세요! 현대가 직접 투자하는 2차전지 다음 대장주입니다. AI 루닛, 2차전지 에코프로 금양보다 4배는 더 오를겁니다",https://youtube.com/watch?v=craYKrMrBLI&pp=ygUT7Yis7J6Q7KKF66qpIOy2lOyynA%3D%3D,6개월 전,조회수 10만회
52,지금 좋게 보는 유망주식 '딱 1개만' 알려드릴게요 (전업투자자 하승훈),https://youtube.com/watch?v=IupqznB-XT8&pp=ygUT7Yis7J6Q7KKF66qpIOy2lOyynA%3D%3D,1년 전,조회수 1.7만회
53,세계 최대 자산운용사가 장기투자하는 국내 주식 4가지 | 9천조 굴리는 블랙록의 최애 종목은? (feat 두산퓨얼셀),https://youtube.com/watch?v=it-TF1sLJfo&pp=ygUT7Yis7J6Q7KKF66qpIOy2lOyynA%3D%3D,1년 전,조회수 1.2만회
54,[7월 12일 수요일 주식 추천종목] 내일 상한가 급등 확실한 2차전지 장비 대박종목 TOP3! 검은 손 외국인 세력 6천억 풀매수!? 미친듯 쓸어담으세요! 큰 돈 벌고 부자됩니다,https://youtube.com/watch?v=O0IOm75HFb8&pp=ygUT7Yis7J6Q7KKF66qpIOy2lOyynA%3D%3D,7개월 전,조회수 1.5천회
55,"[주식] 에코프로, 이수페타시스 다음 2차전지 대장주 '이 주식' 무조건 사세요! 제 2의 리튬 텐배거! 최소 7배는 오를겁니다. 외국인들은 지금 금양, 포스코 팔고 이 주식 사요",https://youtube.com/watch?v=zi9MupkHba0&pp=ygUT7Yis7J6Q7KKF66qpIOy2lOyynA%3D%3D,6개월 전,조회수 51회
56,평생 먹고살게해 줄 '3가지' 종목 고르는법 (슈퍼개미 이승조 1부 풀버전),https://youtube.com/watch?v=Z_HB8uZ8Af0&pp=ygUT7Yis7J6Q7KKF66qpIOy2lOyynA%3D%3D,3개월 전,조회수 4.7천회
57,"공부하라고 알려드린 종목 8,900만원 어치 사셨다고요? #shsorts",https://youtube.com/shorts/vL9iO6GSh9g,스트리밍 시간: 5개월 전,조회수 3만회
58,"""이 종목 사세요""‥'슈퍼개미'의 추천, 이유가 있었다‥ (2023.06.22/뉴스데스크/MBC)",https://youtube.com/watch?v=JtsygFuJ1U8&pp=ygUT7Yis7J6Q7KKF66qpIOy2lOyynA%3D%3D,3개월 전,조회수 35회
59,🔥8/17 목요일 추천주식💄 멈칫하는 순간 전부 놓칩니다. 세계 최초 바닷물로 만든 '해수 배터리' 씹어먹고 바닥에서부터 미친듯 상승할 '이 기업' 무조건 사라! 금양보다 더 간다,https://youtube.com/watch?v=LfovIZojUYI&pp=ygUT7Yis7J6Q7KKF66qpIOy2lOyynA%3D%3D,3개월 전,조회수 3.5만회
60,"'이 1개 주식만큼은' 꼭 사세요, 지금 안 사면 평생 후회합니다 (선대인 소장)",https://youtube.com/watch?v=-hXAL_erNqY&pp=ygUT7Yis7J6Q7KKF66qpIOy2lOyynA%3D%3D,1년 전,조회수 11만회
61,매매하기 쉬운 종목이 여기있네요 #주식  #공부  #무료추천종목,https://youtube.com/shorts/wS7JCn-Vz4o,2년 전,조회수 14만회
62,"600조 폐배터리 시장, 다른 회사는 다 죽을 겁니다, '이 2개 주식만' 사 모으세요 (박순혁 이사)",https://youtube.com/watch?v=3-fOh7soVKg&pp=ygUT7Yis7J6Q7KKF66qpIOy2lOyynA%3D%3D,3개월 전,조회수 2.1만회
63,[주식] 6월26일 월요일 종목추천! 본격적으로 급등할 차세대 디스플레이 OLED 관련주식! 삼성전자 LG디스플의 미친 공급계약이 연속으로 터진다! 지금 '이주식' 은 담아두세요,https://youtube.com/watch?v=GDyD9hIvnTY&pp=ygUT7Yis7J6Q7KKF66qpIOy2lOyynA%3D%3D,스트리밍 시간: 5개월 전,조회수 15만회
64,앞으로 2차전지 투자 '이 8개 종목'만 사세요 (박순혁 이사),https://youtube.com/watch?v=Ol24dLYUdHY&pp=ygUT7Yis7J6Q7KKF66qpIOy2lOyynA%3D%3D,스트리밍 시간: 3개월 전,조회수 2.4만회
65,"6월 15일 목요일 무료추천종목 LIVE - 단타매매, 시황분석",https://youtube.com/watch?v=sIiPcp9965k&pp=ygUT7Yis7J6Q7KKF66qpIOy2lOyynA%3D%3D,2년 전,조회수 17만회
66,"4월 25일 화요일 무료추천종목 LIVE - 단타매매, 시황분석",https://youtube.com/watch?v=nWEilfHABxU&pp=ygUT7Yis7J6Q7KKF66qpIOy2lOyynA%3D%3D,3개월 전,조회수 45만회
67,오르는 종목들 N가지 특징,https://youtube.com/watch?v=eD30CtF5hYg&pp=ygUT7Yis7J6Q7KKF66qpIOy2lOyynA%3D%3D,3년 전,조회수 9천회
68,'이 주식' 저가 매수 기회 곧 옵니다. '이 때' 절대 놓치지 마세요.  (김영익),https://youtube.com/watch?v=eQj5lkaCIaY&pp=ygUT7Yis7J6Q7KKF66qpIOy2lOyynA%3D%3D,7개월 전,조회수 2.5만회
69,💊8/17 목요일 추천주식💊 속보!! 외국인 초전도체 세력 시간외 싹쓸이!! 내일 시초가부터 쩜상 상한가 폭등 터질 제약바이오 꿈의 치료제 신약 대박종목!! 무조건 사라 부자된다!,https://youtube.com/watch?v=wKE66h_cTxI&pp=ygUT7Yis7J6Q7KKF66qpIOy2lOyynA%3D%3D,4개월 전,조회수 15만회
70,"""대형 호재 앞두고 있어요"" 인공지능 AI 대장주 '이 주식' 장기 투자하기 좋습니다 (AI 주식, AI 관련주)",https://youtube.com/watch?v=SsO03JCgvmI&pp=ygUT7Yis7J6Q7KKF66qpIOy2lOyynA%3D%3D,5개월 전,조회수 3.6만회
71,장투로 볼 만한 종목을 물어보신다면.. #shorts,https://youtube.com/shorts/HUQ6NeSYPFM,1년 전,조회수 24만회
72,주식에서 절대 사면 안되는 종목은?,https://youtube.com/shorts/ZO0DbaHzpqI,3년 전,조회수 12만회
73,저평가 우량주 장기투자에 좋은 계속 사모아야할 종목 TOP 5 분석해봤습니다.,https://youtube.com/watch?v=rYhHm3zAoy8&pp=ygUT7Yis7J6Q7KKF66qpIOy2lOyynA%3D%3D,4년 전,조회수 2.4천회
74,"새해 증권사 추천 종목, 수익 잘 날까? 개인들의 고수익 종목은 따로 있다!",https://youtube.com/watch?v=xe9aWtxtUro&pp=ygUT7Yis7J6Q7KKF66qpIOy2lOyynA%3D%3D,1년 전,조회수 2.7천회
75,전)증권사 직원이 추천하는 유망 주식은?!,https://youtube.com/shorts/3uIU_JWL6tU,1년 전,조회수 50회
76,앞으로 큰돈 벌 수 있는 주식 '딱 3개만' 알려드릴게요 (전업투자자 김정수 풀버전),https://youtube.com/watch?v=gwyNHARyq98&pp=ygUT7Yis7J6Q7KKF66qpIOy2lOyynA%3D%3D,3개월 전,조회수 1.4만회
77,"실적 시즌이 왔습니다, 지금 사야 할 1순위 주식은 (차영주 소장)",https://youtube.com/watch?v=pdJprQXjobs&pp=ygUT7Yis7J6Q7KKF66qpIOy2lOyynA%3D%3D,1년 전,조회수 37만회
78,[주식] 6월19일 월요일 더 크게갑니다. 지금부터 신고점 찍을 수 밖에 없는 전고체 배터리 4종목. 금양 에코프로 보다 더 시장을 주합니다. 7월 전에 잡으세요,https://youtube.com/watch?v=pxprPANL3cM&pp=ygUT7Yis7J6Q7KKF66qpIOy2lOyynA%3D%3D,1.3천회,3년 전
79,[주식] 6월21일 수요일 종목추천! 바이든의 암 정복 프로젝트에 직접 참여 할 '이주식' 결국 10배 까지 올라갑니다. 루닛 다음 대장격 의료기기 주식 내일 무조건 사세요,https://youtube.com/watch?v=jpaqK4ofmco&pp=ygUT7Yis7J6Q7KKF66qpIOy2lOyynA%3D%3D,1.6만회,스트리밍 시간: 3개월 전
80,지금은 밧데리 아저씨 8종목 중 '이것'이 최고입니다. (박순혁),https://youtube.com/watch?v=MY36ba2bMm8&pp=ygUT7Yis7J6Q7KKF66qpIOy2lOyynA%3D%3D,2.4만회,스트리밍 시간: 9개월 전
81,"9월 6일 수요일 무료추천종목 LIVE - 단타매매, 시황분석",https://youtube.com/watch?v=D007ym9d9n8&pp=ygUT7Yis7J6Q7KKF66qpIOy2lOyynA%3D%3D,20만회,2년 전
82,존리 추천종목이라더니...주식 리딩방과 신종 투자사기 실태 | 시사직격 KBS 201113 방송,https://youtube.com/watch?v=lOp22WBns68&pp=ygUT7Yis7J6Q7KKF66qpIOy2lOyynA%3D%3D,1.5만회,스트리밍 시간: 3개월 전
83,"[주식종목추천] 7월 31일 월요일 아침 주식방송☀️ 8월에 가장 크게 올라갈주식은 포스코,에코프로 다음 '이주식' 입니다 눈 뜨자마자 당장사라",https://youtube.com/watch?v=6ecL4BdAGlM&pp=ygUT7Yis7J6Q7KKF66qpIOy2lOyynA%3D%3D,1.3만회,스트리밍 시간: 2개월 전
84,장기투자 할 때 ㄹㅇ 꿀팁! 이렇게만 해도 대박 종목은 그냥 고릅니다! #주식단테,https://youtube.com/watch?v=tPRtxHYxST8&pp=ygUT7Yis7J6Q7KKF66qpIOy2lOyynA%3D%3D,15만회,1년 전
85,지금 가장 저평가된 유망주식 '딱 1개만' 알려드릴게요 (김영익 교수),https://youtube.com/watch?v=nOBalopz7Xk&pp=ygUT7Yis7J6Q7KKF66qpIOy2lOyynA%3D%3D,5.5만회,4개월 전
86,주식을 '매수하면 안 되는 시간'이 있다?,https://youtube.com/shorts/Bpls7wOyg6E,30만회,5개월 전
87,"8월 1일 화요일 무료추천종목 LIVE - 단타매매, 시황분석",https://youtube.com/watch?v=IiMImJ9z_jo&pp=ygUT7Yis7J6Q7KKF66qpIOy2lOyynA%3D%3D,349회,4개월 전
88,[주식] 6월21일 수요일 종목추천! 2133% 현금 무상증자 '이주식' 올해 가장 급등합니다. 지금 사세요!! 100만원만 넣어도 5000만원 만들어 줄 주식,https://youtube.com/watch?v=y9ISeP3i858&pp=ygUT7Yis7J6Q7KKF66qpIOy2lOyynA%3D%3D,32만회,1년 전
89,[주식종목추천] 현대차 시청필수!! 울산 2조 투자 주식급등주추천 임창정주식종목 이번주주식종목 급등주추천,https://youtube.com/watch?v=6d2N8WFsr-0&pp=ygUT7Yis7J6Q7KKF66qpIOy2lOyynA%3D%3D,1.5만회,1일 전
90,특집 오늘장 뭐사지?ㅣ4월에 오를 주도종목은?  #종목추천 #주식단타 #주식투자 _230405,https://youtube.com/watch?v=RVn71fir-jM&pp=ygUT7Yis7J6Q7KKF66qpIOy2lOyynA%3D%3D,189회,4개월 전
91,미국 주식한다면 이 7개 종목들은 꼭 모아가세요,https://youtube.com/watch?v=ZL5haYbLdcQ&pp=ygUT7Yis7J6Q7KKF66qpIOy2lOyynA%3D%3D,13만회,7개월 전
92,아무도 모르는 이 종목.. 3배 상승 예정입니다! #주식 #주식공부,https://youtube.com/shorts/yPbyyQoJfp8,12만회,1년 전
93,[주식] 현대가 직접 골라 투자하는 전기차 충전기 인수합병 진짜 수혜주! '이 주식' 미친듯 사세요! 세계 1위인데 주가는 반토막 저평가 우량주ㅣ에코프로 이수스페셜티케미컬 현대로템,https://youtube.com/watch?v=s6p8BdLdNZo&pp=ygUT7Yis7J6Q7KKF66qpIOy2lOyynA%3D%3D,35회,3개월 전
94,애플 주식을 1주도 팔지 않고 3년 동안 매월 모았더니 이렇게 되었습니다,https://youtube.com/watch?v=qX_iPGv9mII&pp=ygUT7Yis7J6Q7KKF66qpIOy2lOyynA%3D%3D,51만회,6개월 전
95,"초보자도 맘 편한 투자, 'ETF' 종목 잘 고르는 방법 (홍춘욱 이코노미스트) / JTBC 상암동 클라스",https://youtube.com/watch?v=Ju2bZzjJPGk&pp=ygUT7Yis7J6Q7KKF66qpIOy2lOyynA%3D%3D,6.5만회,1년 전
96,20년간 주식시장에 진리 중의 진리 (종목꿀팁),https://youtube.com/shorts/ZxX_ywOEOvI,172회,4개월 전
97,"주식 투자자라면 꼭 알아야 할 정석 차트 투자, 차트 보는 법, 주식 초보부터 전문가까지 최고의 수익을 낼 수 있는 최고의 주식 강의",https://youtube.com/watch?v=DIX_KYtt1TQ&pp=ygUT7Yis7J6Q7KKF66qpIOy2lOyynA%3D%3D,283회,21시간 전
98,2021년 주식투자 추천종목 3개 과연 3개월동안 30% 수익을 낼 수 있는 주식은?,https://youtube.com/watch?v=VDJYMv6_2x4&pp=ygUT7Yis7J6Q7KKF66qpIOy2lOyynA%3D%3D,12회,5개월 전
99,2차전지 아직 못 샀으면 '딱 1개 주식만' 사세요 (부자아빠 정재호),https://youtube.com/watch?v=a2bCejN_te4&pp=ygUT7Yis7J6Q7KKF66qpIOy2lOyynA%3D%3D,4.4천회,5개월 전
100,지금 사도 괜찮은 주식 '딱 3개만' 알려드릴게요 (전업투자자 김정수),https://youtube.com/watch?v=QKMm7PUG3iA&pp=ygUT7Yis7J6Q7KKF66qpIOy2lOyynA%3D%3D,1.3만회,2개월 전
101,[LIVE] 부자되는 좋은습관 MTN 머니투데이방송 (뉴스&증권 경제방송),https://youtube.com/watch?v=CbjcNK6ae-s&pp=ygUT7Yis7J6Q7KKF66qpIOy2lOyynA%3D%3D,167회,4개월 전
102,주식으로 10배 수익? 이것만 알면 됩니다! (장기투자 5가지 꿀팁),https://youtube.com/watch?v=VGPk9bDZej8&pp=ygUT7Yis7J6Q7KKF66qpIOy2lOyynA%3D%3D,264회,스트리밍 시간: 5일 전
103,"4월 26일 수요일 무료추천종목 LIVE - 단타매매, 시황분석",https://youtube.com/watch?v=rANuNAFWn0E&pp=ygUT7Yis7J6Q7KKF66qpIOy2lOyynA%3D%3D,2천회,1년 전
104,[주식종목추천] 에스비비테크 조정와도 끄덕없다! 대응방법 공유합니다 급등주추천 주식급등주추천 주식종목상담,https://youtube.com/watch?v=yV4Ln-F349I&pp=ygUT7Yis7J6Q7KKF66qpIOy2lOyynA%3D%3D,264회,4개월 전
105,[주식종목추천] 선익시스템 증착장비 세계점유율 1위!! 주식급등주추천 임창정주식종목 이번주주식종목 급등주추천,https://youtube.com/watch?v=Ga_ESKJiSEY&pp=ygUT7Yis7J6Q7KKF66qpIOy2lOyynA%3D%3D,2.9천회,2년 전
106,주식으로 30만원에서 45억을 만든 노하우 (가족들 반응이.. ㄷㄷ),https://youtube.com/watch?v=o4yhzoma6zg&pp=ygUT7Yis7J6Q7KKF66qpIOy2lOyynA%3D%3D,102만회,9개월 전
107,매매할 종목이 없다고? 저라면 이 종목 들어갑니다.,https://youtube.com/watch?v=FA319NFizWA&pp=ygUT7Yis7J6Q7KKF66qpIOy2lOyynA%3D%3D,225회,1일 전
108,2분기 분기배당주 총정리 ㅣ 투자해볼만한 4종목,https://youtube.com/watch?v=pbwGVo6hkgg&pp=ygUT7Yis7J6Q7KKF66qpIOy2lOyynA%3D%3D,3.4만회,스트리밍 시간: 6개월 전
109,[주식] 삼성이 직접 고른 AI 인공지능 인수합병 진짜 수혜주! '이 주식' 미친듯 사세요! 세계 1위인데 주가는 반토막 저평가 우량주ㅣ레인보우로보틱스 뉴로메카 엠로 미래컴퍼니,https://youtube.com/watch?v=qk8AWIHi0FU&pp=ygUT7Yis7J6Q7KKF66qpIOy2lOyynA%3D%3D,5회,3일 전
110,범상치 않은 신입사원의 종목 추천,https://youtube.com/shorts/NTYvDhYgm94,1.7천회,스트리밍 시간: 6개월 전
111,1억 있으면 70%는 '이 주식' 살 겁니다｜김영익 교수 3부,https://youtube.com/watch?v=uRREF-Y8-Uc&pp=ygUT7Yis7J6Q7KKF66qpIOy2lOyynA%3D%3D,2.2천회,9개월 전
112,[주식종목추천] 태경산업 전서계 점유율 1위의 힘!! 주식급등주추천 임창정주식종목 이번주주식종목 급등주추천,https://youtube.com/watch?v=DgBPSGPhiSM&pp=ygUT7Yis7J6Q7KKF66qpIOy2lOyynA%3D%3D,3.3만회,스트리밍 시간: 7개월 전
113,2023년 '이 주식만큼은' 꼭 사 모아가세요 (염승환 이사),https://youtube.com/watch?v=gPLGK7IZ4Oo&pp=ygUT7Yis7J6Q7KKF66qpIOy2lOyynA%3D%3D,301회,5일 전
114,"나머지 회사들은 다 죽을 겁니다, '이 5개 주식만' 사 모으세요 (박순혁 이사)",https://youtube.com/watch?v=mPcHrGlVMwY&pp=ygUT7Yis7J6Q7KKF66qpIOy2lOyynA%3D%3D,없음,4일 전
115,"이 주식, 순식간에 3배 오를 수 있어요. 에코프로비엠 능가할 회사입니다｜박순혁 이사 5부",https://youtube.com/watch?v=og9ab9OBsoY&pp=ygUT7Yis7J6Q7KKF66qpIOy2lOyynA%3D%3D,없음,22시간 전
116,"5월 8일 월요일 무료추천종목 LIVE - 단타매매, 시황분석",https://youtube.com/watch?v=5Y0AeZZIesY&pp=ygUT7Yis7J6Q7KKF66qpIOy2lOyynA%3D%3D,252회,6시간 전
117,"""사교육부터 끊어야 합니다"" 월급 노예에서 벗어나는 방법 | 존리 대표 @johnleeschool 2부",https://youtube.com/watch?v=EFdppE9x09g&pp=ygUT7Yis7J6Q7KKF66qpIOy2lOyynA%3D%3D,368회,스트리밍 시간: 2일 전
118,주식을 하려면 꼭 알고 있어야 할 기본 지식 | 주식초보 입문서,https://youtube.com/watch?v=LzXzHoXO5ZE&pp=ygUT7Yis7J6Q7KKF66qpIOy2lOyynA%3D%3D,391회,3개월 전
119,"4월12일  상한가 예상되는 종목 추천! -  250억 3자배정 투자 , 세력이 확실히 들어간 종목 , 내일 초급등 예상 , 큰손들 내일 대거 들어온다",https://youtube.com/watch?v=zZ04AMl7WyY&pp=ygUT7Yis7J6Q7KKF66qpIOy2lOyynA%3D%3D,1일 전,조회수 3.4만회
120,"[주식] 7/21 금요일, 상한가 급등 확실한 '이 주식' 미친듯 사라!! 삼성, 네이버가 모두 노리는 AI! 우크라이나 재건 겹호재까지! 금양 에코프로 포스코DX보다 더 올라요",https://youtube.com/watch?v=2IZ2PzhqgYw&pp=ygUT7Yis7J6Q7KKF66qpIOy2lOyynA%3D%3D,3개월 전,조회수 143회
121,[주식 종목추천] 긴급속보! 내부폭로 #금양 #퍼스텍,https://youtube.com/watch?v=gK9Gq83baIg&pp=ygUT7Yis7J6Q7KKF66qpIOy2lOyynA%3D%3D,1일 전,조회수 32회
122,"8월 16일 수요일 무료추천종목 LIVE - 단타매매, 시황분석",https://youtube.com/watch?v=xT2d4ejE40c&pp=ygUT7Yis7J6Q7KKF66qpIOy2lOyynA%3D%3D,1일 전,조회수 87회
123,"저평가 우량주 아무도 모르게 미리 사모아야하는 주식 TOP 3 선별해봤습니다. (장기투자 종목, 턴어라운드)",https://youtube.com/watch?v=spsIoXknr4E&pp=ygUT7Yis7J6Q7KKF66qpIOy2lOyynA%3D%3D,19시간 전,조회수 124회
124,"'이 주식 2개', 제 2의 에코프로 됩니다. 저는 20억 넘게 투자했습니다 (박두환 투자자 / 2부)",https://youtube.com/watch?v=HUuojMMZKeQ&pp=ygUT7Yis7J6Q7KKF66qpIOy2lOyynA%3D%3D,2일 전,조회수 없음
125,슬슬 종목 담아 봅시다!,https://youtube.com/shorts/OkWKgiVRCl4,2일 전,조회수 없음
126,[주식종목추천] 6월 9일 금요일 아침 주식방송☀️ 미친척하고 사야하는주식. 외인이 2달간 매수만 하고 있는 주식입니다. 오늘 무조건 사두고 '이 때' 파세요,https://youtube.com/watch?v=VkI7Qfi2OoE&pp=ygUT7Yis7J6Q7KKF66qpIOy2lOyynA%3D%3D,7시간 전,조회수 없음
127,내가 뽑은 국내 배당주 TOP3 (ft. 배당기업리스트 무료 배포),https://youtube.com/watch?v=ecvbAZ5LRNY&pp=ygUT7Yis7J6Q7KKF66qpIOy2lOyynA%3D%3D,6시간 전,조회수 4회
128,이 주식 사놓고 '딱 3년만' 기다리세요. 틀림없이 부자됩니다｜선대인 소장 2부,https://youtube.com/watch?v=m_2ZThRXfdw&pp=ygUT7Yis7J6Q7KKF66qpIOy2lOyynA%3D%3D,6시간 전,조회수 없음
129,"5월 10일 수요일 무료추천종목 LIVE - 단타매매, 시황분석",https://youtube.com/watch?v=sOwdnc-qYSw&pp=ygUT7Yis7J6Q7KKF66qpIOy2lOyynA%3D%3D,2일 전,조회수 25만회
130,저는 정말 유일한 '이 종목'이 좋아보입니다. (염승환),https://youtube.com/watch?v=ie2GdFegXr4&pp=ygUT7Yis7J6Q7KKF66qpIOy2lOyynA%3D%3D,2일 전,조회수 103회
131,평생 한 종목만 골라야 한다면 여기에 투자합니다 | 노미의 글로벌 ETF,https://youtube.com/watch?v=VxSM7TtA9WI&pp=ygUT7Yis7J6Q7KKF66qpIOy2lOyynA%3D%3D,2일 전,조회수 234회
132,평생 보유할 미국 ETF 6 종목 (장기 투자하면 손해보기 힘든 섹터),https://youtube.com/watch?v=B_sFVHr8iQo&pp=ygUT7Yis7J6Q7KKF66qpIOy2lOyynA%3D%3D,5시간 전,조회수 57회
133,[주식종목추천] 애니플러스 꼭 시청 하셔야 합니다 온 기관이 풀 매수중인 종목 #주식종목추천 #급등주 #애니플러스,https://youtube.com/watch?v=q4PvJF5T4Xs&pp=ygUT7Yis7J6Q7KKF66qpIOy2lOyynA%3D%3D,1일 전,조회수 없음
134,"[주식] 6월 26일 월요일, '이 주식' 무조건 사세요! 대박납니다^^ 현대 전기차, 2차전지 110조 투자 독점적으로 수혜 받는 저평가 우량주 탑픽! 에코프로, 금양보다 좋아요",https://youtube.com/watch?v=X52UPJ3EsYY&pp=ygUT7Yis7J6Q7KKF66qpIOy2lOyynA%3D%3D,1년 전,조회수 없음
135,2차전지 중에서 이 종목을 보세요!,https://youtube.com/shorts/fRxwiww0-X0,스트리밍 시간: 2일 전,조회수 없음
136,"스윙 투자 종목 추천, 이 종목 놓치면 정말 후회합니다.",https://youtube.com/watch?v=cMbBcYgBnMk&pp=ygUT7Yis7J6Q7KKF66qpIOy2lOyynA%3D%3D,1일 전,조회수 27회
137,2030년까지 장기 보유할 만한 해외주식 10대 종목,https://youtube.com/watch?v=CROl_TNjDcg&pp=ygUT7Yis7J6Q7KKF66qpIOy2lOyynA%3D%3D,2일 전,조회수 15회
138,[주식종목추천] 보로노이 지금이 절대적인 저점!! 주식급등주추천 임창정주식종목 이번주주식종목 급등주추천,https://youtube.com/watch?v=OiYvuKApTmY&pp=ygUT7Yis7J6Q7KKF66qpIOy2lOyynA%3D%3D,2일 전,조회수 없음
139,"주식초보 주린이를 위한 1 Tier 추천 도서 완벽 정리, 한권으로 주식투자 공부 끝! 코스톨라니의달걀, 금리, 생각, 인플레이션 완벽 정복",https://youtube.com/watch?v=-7PNSj9m1XA&pp=ygUT7Yis7J6Q7KKF66qpIOy2lOyynA%3D%3D,4.2만회,5개월 전
140,국내 배당주식 대신 유튜브 한 종목 추천으로 큰일날뻔..(feat.부자and거지),https://youtube.com/watch?v=qugJE7bsksg&pp=ygUT7Yis7J6Q7KKF66qpIOy2lOyynA%3D%3D,246회,3개월 전
141,단기투자 vs 장기투자,https://youtube.com/shorts/5_AdtXEWgyU,없음,1일 전
142,장투하기 좋은 1000원대 주식 유망종목 4,https://youtube.com/watch?v=UnGjGK0o178&pp=ygUT7Yis7J6Q7KKF66qpIOy2lOyynA%3D%3D,15만회,9시간 전
143,"6월 14일 수요일 무료추천종목 LIVE - 단타매매, 시황분석",https://youtube.com/watch?v=of8pVfzpaVk&pp=ygUT7Yis7J6Q7KKF66qpIOy2lOyynA%3D%3D,17만회,9일 전
