﻿,title,link,view,upload_date
0,"[STX 주가전망] 조정 구간 21,000원에서 추가 매수를 하면 안 되는 이유 #stx주가전망 #stx #stx목표가",https://youtube.com/watch?v=U8B5HmKbVEw&pp=ygUT7Yis7J6Q7KKF66qpIOy2lOyynA%3D%3D,763회,3시간 전
1,"153년의 지혜, 추세추종의 시조, 딕슨 와츠의 투자(투기) 절대법칙 4가지ㅣ예술로서의 투기와 삶에 관한 단상들, 딕슨 와츠ㅣ부자회사원 주식투자 강의 공부 책 추천",https://youtube.com/watch?v=DiOdp91nXRI&pp=ygUT7Yis7J6Q7KKF66qpIOy2lOyynA%3D%3D,2.2만회,23시간 전
2,9월25일 급등주 이랜시스 에스피지 모비스 비츠로테크 셀바스헬스케어 레인보우로보틱스 줌인터넷 고려시멘트 리더스기술투자 모아데이타 롯데손해보험 케이엠더블유 젠큐릭스 피델릭스 알테오젠,https://youtube.com/watch?v=pCra_L_T55s&pp=ygUT7Yis7J6Q7KKF66qpIOy2lOyynA%3D%3D,408회,18시간 전
3,"9월 25일 월요일 무료추천종목 LIVE - 단타매매, 시황분석",https://youtube.com/watch?v=A5uXFfhuCyY&pp=ygUT7Yis7J6Q7KKF66qpIOy2lOyynA%3D%3D,1.1만회,스트리밍 시간: 7시간 전
4,"3개월만 기다리세요, 다시 회복할 겁니다. #주식 #주식투자 #주식초보 #주식공부",https://youtube.com/shorts/B_K72XaZcRI,1.5천회,47분 전
5,"향후 10년간 좋아요, 천천히 모아가세요. #주식 #주식투자 #주식공부 #주식초보",https://youtube.com/shorts/c5EIqIIciLE,1.6천회,1시간 전
6,주식투자를 일회성으로 하세요?,https://youtube.com/shorts/OdeFqbIEt6E,1.1천회,3시간 전
7,제가 명확하게 장담하건데 주식투자에 있어서는,https://youtube.com/shorts/A1eV-3TNYqs,1.4천회,1시간 전
8,[TQQQ 리얼 실전투자] TQQQ SOXL TSLA NVDA 이번주 예상 주가동향! 대응전략 공유! (TQQQ 장기투자ㅣTSLY SCHD 월배당 천만원ㅣ노후준비ㅣ야심매매법),https://youtube.com/watch?v=1R_MCCerqUs&pp=ygUT7Yis7J6Q7KKF66qpIOy2lOyynA%3D%3D,4.8천회,5시간 전
9,결국 주식투자시 고민의 끝은?,https://youtube.com/shorts/0zyjBxBKSFM,866회,2시간 전
10,"[주간 유망 종목] 증시 바닥권 대응, 주도주로 시작",https://youtube.com/watch?v=Og0zL_TfCYc&pp=ygUT7Yis7J6Q7KKF66qpIOy2lOyynA%3D%3D,1.3천회,스트리밍 시간: 51분 전
11,코스닥 지수 XXX오면 삭발식 감행합니다..,https://youtube.com/shorts/ojTklL8JA0g,3.2천회,1시간 전
12,"(포스코홀딩스)리튬압류!리스크해소! 연말전에,76만원!고점돌파나온다! 리튬가치!반영안된,극단적저평가! 적극매수구간!",https://youtube.com/watch?v=R9AVXzAmrwI&pp=ygUT7Yis7J6Q7KKF66qpIOy2lOyynA%3D%3D,332회,31분 전
13,"[금양] 속보!""하락이유""이대로라면 ""초대박""""내부일정""지금이 가장 중요합니다!",https://youtube.com/watch?v=kLrHOSVqfgk&pp=ygUT7Yis7J6Q7KKF66qpIOy2lOyynA%3D%3D,114회,51분 전
14,[주식] 10월이 오기전에 당장 사야 할 삼성로봇 다음 16배 폭등 '이주식' 9년만에 온 폭등 랠리 기회!! 증시 하락이 오든말든 미친듯이 사두세요,https://youtube.com/watch?v=Wv1E_ZjPi7I&pp=ygUT7Yis7J6Q7KKF66qpIOy2lOyynA%3D%3D,2.9천회,20시간 전
15,[에코프로비엠] 🔥 공식속보! 유진투자 한병화 또 매도리포트? 공매도 지독하다 지독해! 무조건 보세요! 에코프로 에코프로비엠 박순혁 서정덕TV 기봉이주식TV 9/25,https://youtube.com/watch?v=cfaTpmRHOPY&pp=ygUT7Yis7J6Q7KKF66qpIOy2lOyynA%3D%3D,140회,51분 전
16,"에코프로,에코프로비엠🔥유진투자 한XX 찢어죽일놈!! #박순혁추천주#김작가tv#서정덕tv#달란트투자#선대인tv#기봉이주식",https://youtube.com/watch?v=OgHVmrduWJ8&pp=ygUT7Yis7J6Q7KKF66qpIOy2lOyynA%3D%3D,3.4천회,7시간 전
17,추석에 치는 고스톱과 주식의 차이점,https://youtube.com/shorts/WVCT6LjbEpI,1천회,3시간 전
18,"[에코프로 에코프로비엠 주가전망] 유진투자! 또 매도 리포트! 에코프로비엠, 최고점 대비 -55% 급락! 지저분한 공매도! 실체 확인!",https://youtube.com/watch?v=ziwY3fs3KVg&pp=ygUT7Yis7J6Q7KKF66qpIOy2lOyynA%3D%3D,48회,6분 전
19,"(포스코홀딩스)대세상승!초입이다!앞으로5년!실적폭발!최적의 매수시점! 골드만삭스!JP모간!한국배터리,사라!",https://youtube.com/watch?v=LxWIX6OIbPI&pp=ygUT7Yis7J6Q7KKF66qpIOy2lOyynA%3D%3D,3.5천회,22시간 전
20,주식시장에서 우리가 존버하기 위해선,https://youtube.com/shorts/mxho2PdoLN8,428회,2시간 전
21,3개월만 있으면 됩니다. 이것만 기억하세요!,https://youtube.com/watch?v=4l0lqI_twiY&pp=ygUT7Yis7J6Q7KKF66qpIOy2lOyynA%3D%3D,1.3천회,1시간 전
22,[주식방송] 주식라이브/ 주도주/ 종가매수/ 급등주/ 종목추천/ 주식시황/ 주식단타/선물옵션/주식실시간,https://youtube.com/watch?v=lYHrM1uYF20&pp=ygUT7Yis7J6Q7KKF66qpIOy2lOyynA%3D%3D,216회,스트리밍 시간: 5시간 전
23,[에코프로그룹] 장 마감 후 긴급 속보! 너무 화가 나 미치겠다!!🤬 #에코프로비엠 #에코프로비엠주가 #에코프로비엠주가전망 #2차전지 #2차전지관련주 #양극재 #박순혁이사,https://youtube.com/watch?v=h1ZYC5azaLw&pp=ygUT7Yis7J6Q7KKF66qpIOy2lOyynA%3D%3D,867회,1시간 전
24,"[금양] 특급속보! 충격, ""고의적눌림"" 3분기전략기간은 여기서 결정됩니다!",https://youtube.com/watch?v=XglWXe_3KcU&pp=ygUT7Yis7J6Q7KKF66qpIOy2lOyynA%3D%3D,275회,4시간 전
25,"(에코프로,에코프로비엠)삼성SDI.현대차협력!최대수혜!유진,한병화!헛소리논리!깨부셔준다! 계열사상장!증설!캐파10배성장!추석전,약조정!매수기회다!",https://youtube.com/watch?v=icG5av1GAo4&pp=ygUT7Yis7J6Q7KKF66qpIOy2lOyynA%3D%3D,3.4천회,4시간 전
26,"[금양 긴급대응] 테슬라 4680배터리 대량양산!!//기관,외국인 수급 아직 안빠졌어!!//지지구간 완전히 틀어막았네!!//전략대응 빨리와서 받아가세요",https://youtube.com/watch?v=FTsZpk0xuZc&pp=ygUT7Yis7J6Q7KKF66qpIOy2lOyynA%3D%3D,684회,18시간 전
27,포스코홀딩스주가🔥개널리스트 한씨 천인공노한다!! #박순혁 #기봉이주식 #김작가tv #서정덕tv#주식임태 풍#포스코홀딩스주가#포스코홀딩스전망#POSCO홀딩스전망,https://youtube.com/watch?v=UHJ_-zsRZxs&pp=ygUT7Yis7J6Q7KKF66qpIOy2lOyynA%3D%3D,855회,2시간 전
28,"[점심시황] D-7, 미국의 셧다운 우려 고조. 불확실성은 하나가 아니다",https://youtube.com/watch?v=8ExC_SaXeok&pp=ygUT7Yis7J6Q7KKF66qpIOy2lOyynA%3D%3D,893회,5시간 전
29,"[아침시황] 테슬라의 급락, 어떤 악재가... 그런 와중 상승하는 업종은",https://youtube.com/watch?v=bkD1082cEnA&pp=ygUT7Yis7J6Q7KKF66qpIOy2lOyynA%3D%3D,1.1천회,9시간 전
30,[금양] 🔥 공식속보! 유진투자 한병화 또 매도리포트? 공매도 지독하다 지독해! 무조건 보세요! 박순혁 서정덕TV 기봉이주식TV 9/25,https://youtube.com/watch?v=j1an88Rue84&pp=ygUT7Yis7J6Q7KKF66qpIOy2lOyynA%3D%3D,54회,21분 전
31,[STX 나프로 주가전망] [단독]긴급속보!영정리튬 합작사 설립! 그래서 JP모건 대량매집! 바닥 시그널! 이제부터 중요!#단타#급등주#매매기법,https://youtube.com/watch?v=-4MXxBQEXjM&pp=ygUT7Yis7J6Q7KKF66qpIOy2lOyynA%3D%3D,1.8천회,22시간 전
32,"에코프로,에코프로비엠🔥월요일속보 무상증자 초대박 호재!! #박순혁추천주#김작가tv#서정덕tv#달란트투자#선대인tv#기봉이주식",https://youtube.com/watch?v=aeqDpYwdoKc&pp=ygUT7Yis7J6Q7KKF66qpIOy2lOyynA%3D%3D,1.3천회,11시간 전
33,포스코홀딩스 🔥 9월24일 비상소집.. 포스코긴급회의 정말 심각하네요 큰일이다  #삼성전자#서정덕tv#김작가tv#기봉이주식tv #매집#중국#미국#박순혁이사#금양 #포스코홀딩스,https://youtube.com/watch?v=FcsDkl7QT8w&pp=ygUT7Yis7J6Q7KKF66qpIOy2lOyynA%3D%3D,4.2천회,21시간 전
34,"[금양](월)'외인vs기관'그 결과는?.박순혁추천주,김작가tv,서정덕tv#금양#금양주식전망#금양주가전망#금양주가#금양전망#금양주식#금양분석#금양목표가#2차전지관련주",https://youtube.com/watch?v=FxymTW9fc_A&pp=ygUT7Yis7J6Q7KKF66qpIOy2lOyynA%3D%3D,106회,3시간 전
35,[에코프로비엠] 🔥 5분전 속보! 오전 11시 장 중 충격사실 밝혀졌습니다! 생각보다 사태가 굉장히 심각! 필수시청! 에코프로 에코프로비엠 박순혁 서정덕TV 기봉이주식TV 9/25,https://youtube.com/watch?v=uBi438x-CNM&pp=ygUT7Yis7J6Q7KKF66qpIOy2lOyynA%3D%3D,988회,6시간 전
36,"[포스코홀딩스, 포스코퓨처엠 나프로 주가전망]단독!긴급속보! POSCO홀딩스! 아르헨티나 압류 처분! 대형악재? 공매도 속임수! 마지막 매수찬스! 10월 급등!#급등주",https://youtube.com/watch?v=z6Uz_Yw69Mw&pp=ygUT7Yis7J6Q7KKF66qpIOy2lOyynA%3D%3D,5.6천회,5시간 전
37,"에코프로,에코프로비엠💣대통령 공식속보!! 결국 터졌습니다 여러분 큰일났습니다 꼭 보세요 박순혁추천주,김작가tv,서정덕tv 박순혁추천주,김작가tv,서정덕tv",https://youtube.com/watch?v=1rDnHkNgWo0&pp=ygUT7Yis7J6Q7KKF66qpIOy2lOyynA%3D%3D,755회,2시간 전
38,포스코홀딩스 🔥 새벽한시! 美신규사업과 15조 특별배당금 확정! 공시떳다! 대박이다  #삼성전자#김작가tv#기봉이주식tv #매집#중국#미국#박순혁이사#금양 #포스코홀딩스,https://youtube.com/watch?v=Vmmc15VrmX8&pp=ygUT7Yis7J6Q7KKF66qpIOy2lOyynA%3D%3D,2.9천회,16시간 전
39,"9월 25일 월요일 무료추천종목 LIVE - 단타매매, 시황분석",https://youtube.com/watch?v=e1z86HE9Vwo&pp=ygUT7Yis7J6Q7KKF66qpIOy2lOyynA%3D%3D,27회,스트리밍 시간: 7시간 전
40,"[에코프로비엠] 시외속보! ""긴급"" 하락이유에 그룹 중대발표!!!터질게 터졌다!",https://youtube.com/watch?v=7qnWP0ISStc&pp=ygUT7Yis7J6Q7KKF66qpIOy2lOyynA%3D%3D,201회,1시간 전
41,"[09.25] 마감방송  (종목추천, 종목상담, 종목분석, 주가분석, 주식분석)",https://youtube.com/watch?v=0rkXcnc02e8&pp=ygUT7Yis7J6Q7KKF66qpIOy2lOyynA%3D%3D,38회,스트리밍 시간: 31분 전
42,▶포스코홀딩스 긴급분석◀KB만행에 전부 속았다!! 국민깡패 계략!! 전부 공개합니다!! 이대로 당할 수 없다!! #포스코홀딩스 #포스코홀딩스주가전망 #포스코홀딩스분석,https://youtube.com/watch?v=yfRC0htQ5mE&pp=ygUT7Yis7J6Q7KKF66qpIOy2lOyynA%3D%3D,2.6천회,6시간 전
43,[포스코홀딩스]긴급발표🚨내일 날리 날 겁니다#실시간 #속보 #뉴스 #삼성전자 #서정덕tv #박순혁 #상한가 #로봇 #미국 #중국 #에코프로 #삼프로tv #주식 #돈 #포스코홀딩스,https://youtube.com/watch?v=rdsqglXWSGo&pp=ygUT7Yis7J6Q7KKF66qpIOy2lOyynA%3D%3D,1.9천회,19시간 전
44,"에코프로,에코프로비엠🔥유진투자 한XX 찢어죽일놈!! #박순혁추천주#김작가tv#서정덕tv#달란트투자#선대인tv#기봉이주식",https://youtube.com/watch?v=t7qAcZ9wTNY&pp=ygUT7Yis7J6Q7KKF66qpIOy2lOyynA%3D%3D,662회,7시간 전
45,모비스 주가전망] 앞으로 더 올라갈 수 있을까요?! 관련 뉴스와 정보 확인하는 법!! feat.디에스경제연구소 케빈,https://youtube.com/watch?v=C3cLwcF_W2o&pp=ygUT7Yis7J6Q7KKF66qpIOy2lOyynA%3D%3D,151회,2시간 전
46,"에코프로,에코프로비엠 🔥9월25일 공시떴네요!! 드디어 터졌습니다 대박이다! #삼성전자#서정덕tv#김작가tv#상한가#기봉이주식tv #매집#중국#미국#박순혁이사#금양 #포스코홀딩스",https://youtube.com/watch?v=zzFOmEfsotE&pp=ygUT7Yis7J6Q7KKF66qpIOy2lOyynA%3D%3D,3천회,12시간 전
47,230925(월) : 오늘의 관심종목 & 주도테마 및 테마 시황정리ㅣ모닝주식라이브,https://youtube.com/watch?v=nu5axVAKU34&pp=ygUT7Yis7J6Q7KKF66qpIOy2lOyynA%3D%3D,762회,스트리밍 시간: 9시간 전
48,"[시큐레터 주가전망] 가격이 억지로 많이 눌렸네요. 그만큼 반발매수가 강할껍니다. 추석 이후부터는 전고점 갱신이겠네요, 타이밍 잘 잡아야합니다",https://youtube.com/watch?v=acPOGuW-o6s&pp=ygUT7Yis7J6Q7KKF66qpIOy2lOyynA%3D%3D,225회,20시간 전
49,"[에코프로비엠] 장전속보! 기다리던 ""엄청난 소식"" 터졌습니다! 결국 오늘 결정됩니다 공시 확인하세요!",https://youtube.com/watch?v=9JEaqhzrF0I&pp=ygUT7Yis7J6Q7KKF66qpIOy2lOyynA%3D%3D,265회,9시간 전
50,남선알미늄 - 종목추천라이브,https://youtube.com/watch?v=VqOKl42YYK4&pp=ygUT7Yis7J6Q7KKF66qpIOy2lOyynA%3D%3D,419회,22시간 전
51,"[에코프로,에코프로비엠]10시속보🔥엄청난 결정 내렸습니다!!#실시간 #속보 #뉴스 #삼성전자 #서정덕tv #박순혁 #상한가 #로봇 #미국 #중국 #에코프로 #삼프로tv #주식 #돈",https://youtube.com/watch?v=FXw0a7xHoUk&pp=ygUT7Yis7J6Q7KKF66qpIOy2lOyynA%3D%3D,1.6천회,19시간 전
52,"(금양)추가하락!없다! 외인!환매수실행! 대세상승초입! 2026년,실적폭발! 지금,최적의매수시점!",https://youtube.com/watch?v=99sUGV-9_vY&pp=ygUT7Yis7J6Q7KKF66qpIOy2lOyynA%3D%3D,2.2천회,19시간 전
53,[에코프로](월)새벽 5시 긴급속보 오늘 시초가 풀매수 때려야 큰 돈 번다! 머티리얼즈 상장 기대감에 장대양봉 갑니다!#에코프로#에코프로주가전망#에코프로주가#기봉이주식tv,https://youtube.com/watch?v=oZoLBFl5YEE&pp=ygUT7Yis7J6Q7KKF66qpIOy2lOyynA%3D%3D,637회,12시간 전
54,"에코프로,에코프로비엠🔥월요일속보 무상증자 초대형 호재떴다!! #박순혁추천주#김작가tv#서정덕tv#달란트투자#선대인tv#기봉이주식",https://youtube.com/watch?v=ge91xMjPvbI&pp=ygUT7Yis7J6Q7KKF66qpIOy2lOyynA%3D%3D,469회,11시간 전
55,에코프로[에코프로비엠]긴급속보🚨추석 끝나고 바로 발표할 예정입니다#실시간 #속보 #뉴스 #삼성전자 #서정덕tv #박순혁 #상한가 #미국 #중국 #에코프로 #삼프로tv #주식 #로봇,https://youtube.com/watch?v=dJe_5mxYb_I&pp=ygUT7Yis7J6Q7KKF66qpIOy2lOyynA%3D%3D,469회,1시간 전
56,[금양] 🔥 5분전 속보! 오전 11시 장 중 충격사실 밝혀졌습니다! 생각보다 사태가 굉장히 심각! 필수시청! 박순혁 서정덕TV 기봉이주식TV 9/25,https://youtube.com/watch?v=EnYUMY_AbSY&pp=ygUT7Yis7J6Q7KKF66qpIOy2lOyynA%3D%3D,763회,6시간 전
57,"[STX 주가전망] 외인 매집, 세력 매집 포착! 다음주 강한 매수세 유입전망! 000원 풀매수! 대세상승 지속 전망!",https://youtube.com/watch?v=VwugYPn7qDA&pp=ygUT7Yis7J6Q7KKF66qpIOy2lOyynA%3D%3D,1천회,1일 전
58,"[금양]-(월) 놀랍습니다!! 이런 소식이 나왔네요! 박순혁추천주,김작가tv,서정덕tv#금양#금양주식전망#금양주가전망#금양주가#금양전망#금양주식#금양분석#금양목표가#2차전지관련주",https://youtube.com/watch?v=hMGjNoBOZfs&pp=ygUT7Yis7J6Q7KKF66qpIOy2lOyynA%3D%3D,523회,7시간 전
59,[에코프로](일)5시30분 긴급속보 머티리얼즈 공모액 5천억 대박났다 두산로보틱스 뛰어넘는 IPO 최대어! 청약 꼭 하세요#에코프로#에코프로주가전망#에코프로주가#기봉이주식tv,https://youtube.com/watch?v=NOyMxq_kTz8&pp=ygUT7Yis7J6Q7KKF66qpIOy2lOyynA%3D%3D,227회,1일 전
60,"(포스코DX)폭발적성장!미국스마트팩토리시장!선점한다! 외인20일간,540억매수! 추가상승!무조건나온다!",https://youtube.com/watch?v=5fg88jQo5sc&pp=ygUT7Yis7J6Q7KKF66qpIOy2lOyynA%3D%3D,1.3천회,18시간 전
61,[포스코DX](일)오후 6시 긴급속보 30억 이상 수주만 82건 해외 시장 진출까지 초대박났다! #포스코dx #포스코홀딩스 #포스코퓨처엠 #포스코인터내셔널,https://youtube.com/watch?v=oazeMgPqy9Y&pp=ygUT7Yis7J6Q7KKF66qpIOy2lOyynA%3D%3D,321회,23시간 전
62,"[9월25일 월요일] 긴급속보!! 삼성에서 인수할 세계1위 의료ai '이주식' 당장사라!! 제2의 루닛, 시총1위 무조건 갑니다!! 장 시작하면 시초가 올인!",https://youtube.com/watch?v=qTJvqtWFbJA&pp=ygUT7Yis7J6Q7KKF66qpIOy2lOyynA%3D%3D,493회,21시간 전
63,미국주식 추천종목 절대 사면 안되는 이유 feat. 계좌공개,https://youtube.com/watch?v=pbxxR4QoP04&pp=ygUT7Yis7J6Q7KKF66qpIOy2lOyynA%3D%3D,1.1천회,20시간 전
64,"[에코프로,에코프로비엠]긴급속보🌞누구도 상상못한 결과 발표#실시간 #속보 #뉴스 #삼성전자 #서정덕tv #박순혁 #상한가 #로봇 #미국 #중국 #에코프로 #삼프로tv #주식 #돈",https://youtube.com/watch?v=PjaPqbjmPZU&pp=ygUT7Yis7J6Q7KKF66qpIOy2lOyynA%3D%3D,3.6천회,12시간 전
65,"[2차전지 투자전략] ""긴급속보"" 2차전지 급락중! 유진투자 한병화 하락작전 진두지휘! 팔면 망하다! 버티고 또 버텨라!",https://youtube.com/watch?v=vTI-oetO5S4&pp=ygUT7Yis7J6Q7KKF66qpIOy2lOyynA%3D%3D,5.5천회,5시간 전
66,"금양주가전망 9/25(월) 존템플턴 투자그룹, 세계적인 그룹으로 성장시킵니다. 130만원 만든다.",https://youtube.com/watch?v=wqq6fbFe8qk&pp=ygUT7Yis7J6Q7KKF66qpIOy2lOyynA%3D%3D,392회,8시간 전
67,[금양] 🔥 5분전 속보! 오후 9시 중대발표! 이게 사실입니까! 다음주 공매도 박살날 초대형일정 공개! 박순혁 서정덕TV 기봉이주식TV 9/24,https://youtube.com/watch?v=ozqziei1fDw&pp=ygUT7Yis7J6Q7KKF66qpIOy2lOyynA%3D%3D,170회,20시간 전
68,[에코프로비엠] 🔥 5분전 속보! 오후 9시 중대발표! 이게 사실입니까! 다음주 공매도 박살날 초대형일정 공개! 에코프로 에코프로비엠 박순혁 서정덕TV 기봉이주식TV 9/24,https://youtube.com/watch?v=Jx8_LtIcqsk&pp=ygUT7Yis7J6Q7KKF66qpIOy2lOyynA%3D%3D,426회,20시간 전
69,"🚨[에코프로]9/22일 3분전충격속보 엄청난""대박""소문이들려온다! 정말 급하게 일요일방송켰습니다 #에코프로비엠",https://youtube.com/watch?v=rw7D1_ymYrs&pp=ygUT7Yis7J6Q7KKF66qpIOy2lOyynA%3D%3D,1.9천회,23시간 전
70,직장인 주식투자 2023년 9월 18일 추천종목 결과,https://youtube.com/watch?v=aKI3Ap3OYz8&pp=ygUT7Yis7J6Q7KKF66qpIOy2lOyynA%3D%3D,없음,22시간 전
71,[에코프로] 겹경사🚨터졌다! 머티리얼즈 적격확정! 미국에서도 국내배터리업계에 훈풍 호재소식 #에코프로비엠,https://youtube.com/watch?v=CjBvN4L3814&pp=ygUT7Yis7J6Q7KKF66qpIOy2lOyynA%3D%3D,1.3천회,10시간 전
72,"에코프로,에코프로비엠-(월) 오전속보!! 놀랍습니다! 주주님들 이런 소식이 나왔네요!! 박순혁추천주,김작가tv,서정덕tv",https://youtube.com/watch?v=8a9M8RWWQTw&pp=ygUT7Yis7J6Q7KKF66qpIOy2lOyynA%3D%3D,653회,7시간 전
73,[ 금양 주가전망 ] 인수 합병 공시 승인,https://youtube.com/watch?v=J72MLCjWb1Q&pp=ygUT7Yis7J6Q7KKF66qpIOy2lOyynA%3D%3D,235회,10시간 전
74,"[에코프로,에코프로비엠]긴급공시🚨내용 확인하고..대응하세요#실시간 #속보 #뉴스 #삼성전자 #서정덕tv #박순혁 #상한가 #로봇 #미국 #중국 #에코프로 #삼프로tv #주식 #돈",https://youtube.com/watch?v=YD6p1gpDOKk&pp=ygUT7Yis7J6Q7KKF66qpIOy2lOyynA%3D%3D,614회,10시간 전
75,[금양] 🔥 공식속보! 방금 나온 엄청난 소식! 바로 확인하세요! 오늘 이것 때문에 대상승 나옵니다! 박순혁 서정덕TV 기봉이주식TV 9/25,https://youtube.com/watch?v=jz62apBmzp4&pp=ygUT7Yis7J6Q7KKF66qpIOy2lOyynA%3D%3D,645회,12시간 전
76,"[주식] 🔥월요일 추천주🔥한 달만에 암 완치 세계 최초 기술 업고 ""이기업"" 200배 성장합니다. [제약바이오관련주, 제약바이오주식전망, 제약바이오대장주, 루닛, 9월주식전망]",https://youtube.com/watch?v=UqWDdT6IAyg&pp=ygUT7Yis7J6Q7KKF66qpIOy2lOyynA%3D%3D,663회,20시간 전
77,[에스피지] 이재용 회장의 로봇투자 특별지시 떴다. 2차전지와 반도체 공장에 에스피지 감속기 투자. 주가 2배이상 올라갈 기회 이때뿐입니다.,https://youtube.com/watch?v=EyobZ03jmE0&pp=ygUT7Yis7J6Q7KKF66qpIOy2lOyynA%3D%3D,89회,22시간 전
78,"[금양]  장전속보! 기다리던 ""엄청난 소식"" 터졌습니다! 결국 오늘 결정됩니다 뉴스 확인하세요!",https://youtube.com/watch?v=dgbdsekGtos&pp=ygUT7Yis7J6Q7KKF66qpIOy2lOyynA%3D%3D,171회,9시간 전
79,"[금양]-(일) 5시 '300조 매각설' 진짜였다!! 박순혁추천주,김작가tv,서정덕tv#금양#금양주식전망#금양주가전망#금양주가#금양전망#금양주식#금양분석#금양목표가#2차전지관련주",https://youtube.com/watch?v=ivTWPsv530g&pp=ygUT7Yis7J6Q7KKF66qpIOy2lOyynA%3D%3D,794회,1일 전
80,"주식부장관] [LIVE] 7월31일 종목분석, 종목추천, 시황",https://youtube.com/watch?v=mps5-kIT8M8&pp=ygUT7Yis7J6Q7KKF66qpIOy2lOyynA%3D%3D,없음,스트리밍 시간: 43분 전
81,[급등추천주] 실리콘투🔥국내 화장품 판매 호조에 美 시장 점유율 1위 차지! '이종목' 수익성 안전성면에서 증권사 탑픽! 10분안에 품절된다. 에코프로 보다 120배 더 터진다!,https://youtube.com/watch?v=Zl_3C0P06ZE&pp=ygUT7Yis7J6Q7KKF66qpIOy2lOyynA%3D%3D,60회,21시간 전
82,[단기급등주] 텔레그램방에서 남들보다 한발 빠르게 실시간으로 종목 관련 공시 뉴스 정보 소통합니다.#급등주무료추천 #급등종목 등주#단기급등주#진프로#포스코홀딩스#포스코DX,https://youtube.com/watch?v=fBELiZdsf1k&pp=ygUT7Yis7J6Q7KKF66qpIOy2lOyynA%3D%3D,131회,20시간 전
83,"[금양]-(월) 여러분.. 드디어 오늘입니다!! 박순혁추천주,김작가tv,서정덕tv#금양#금양주식전망#금양주가전망#금양주가#금양전망#금양주식#금양분석#금양목표가#2차전지관련주",https://youtube.com/watch?v=tJ8iqW-61es&pp=ygUT7Yis7J6Q7KKF66qpIOy2lOyynA%3D%3D,282회,12시간 전
84,"153년의 지혜, 추세추종의 시조, 딕슨 와츠의 투자(투기) 절대법칙 4가지ㅣ예술로서의 투기와 삶에 관한 단상들, 딕슨 와츠ㅣ부자회사원 주식투자 강의 공부 책 추천",https://youtube.com/watch?v=DiOdp91nXRI&pp=ygUT7Yis7J6Q7KKF66qpIOy2lOyynA%3D%3D,2.2만회,23시간 전
85,속보!! 다음 주 로봇주 대상승시그널 #레인보우로보틱스 또 대장주로 급등하는 이유? 두산로보틱스 상장 전 필수시청,https://youtube.com/watch?v=cYvyLxVI9vI&pp=ygUT7Yis7J6Q7KKF66qpIOy2lOyynA%3D%3D,24회,22시간 전
86,"에코프로,에코프로비엠-10분전 긴급 임원진소집! 드디어 나왔다! 역대급 호재! 120만원 주가확정의 결정적인 이유! 박순혁추천주,김작가tv,서정덕tv,이동채,선대인,선대인tv",https://youtube.com/watch?v=e4Es4JQ6ZKI&pp=ygUT7Yis7J6Q7KKF66qpIOy2lOyynA%3D%3D,115회,20시간 전
87,"에코프로,에코프로비엠🔥특급공시떴다!! 이럴줄알았다 인수합병발표! 2연속상한가간다! 주주님들 축하드립니다 박순혁추천주,김작가tv,서정덕tv 박순혁추천주,김작가tv,서정덕tv",https://youtube.com/watch?v=BgZ-IthG_9w&pp=ygUT7Yis7J6Q7KKF66qpIOy2lOyynA%3D%3D,536회,23시간 전
88,"[금양]-(월) 3시 '10월 액면분할' 확정났다!! 박순혁추천주,김작가tv,서정덕tv#금양#금양주식전망#금양주가전망#금양주가#금양전망#금양주식#금양분석#금양목표가#2차전지관련주",https://youtube.com/watch?v=696lM49kTsI&pp=ygUT7Yis7J6Q7KKF66qpIOy2lOyynA%3D%3D,416회,2시간 전
89,"[에코프로,에코프로비엠]긴급속보🚨쉬는날  이런게 나오네요..#실시간 #속보 #뉴스 #삼성전자 #서정덕tv #박순혁 #상한가 #로봇 #미국 #중국 #에코프로 #삼프로tv #주식 #돈",https://youtube.com/watch?v=HVAm0MnZZrg&pp=ygUT7Yis7J6Q7KKF66qpIOy2lOyynA%3D%3D,944회,1일 전
90,[風流Club]주식대혁명 차트의 비밀을 벗기다( 노을 ),https://youtube.com/watch?v=ae9jeDbhLaM&pp=ygUT7Yis7J6Q7KKF66qpIOy2lOyynA%3D%3D,235회,21시간 전
91,"에코프로,에코프로비엠🔥긴급속보 머스크 10조투자 초대형 호재떴다!! #박순혁추천주#김작가tv#서정덕tv#달란트투자#선대인tv#기봉이주식",https://youtube.com/watch?v=QIvWmIybMoA&pp=ygUT7Yis7J6Q7KKF66qpIOy2lOyynA%3D%3D,71회,1일 전
92,포스코홀딩스주가🔥액면분할 공시 초대형 호재뉴스!! #박순혁 #기봉이주식 #김작가tv #서정덕tv#주식임태 풍#포스코홀딩스주가#포스코홀딩스전망#POSCO홀딩스전망,https://youtube.com/watch?v=uc-ohCxx0Rc&pp=ygUT7Yis7J6Q7KKF66qpIOy2lOyynA%3D%3D,634회,21시간 전
93,09/24 에스피시스템스 차트분석,https://youtube.com/watch?v=mq8UIPqkc08&pp=ygUT7Yis7J6Q7KKF66qpIOy2lOyynA%3D%3D,52회,18시간 전
94,▶포스코홀딩스 긴급분석◀폭풍전야..사태가 심각합니다..포스코 칼 빼들었다!! #포스코홀딩스 #포스코홀딩스주가전망 #포스코홀딩스분석,https://youtube.com/watch?v=9DHlr26tshM&pp=ygUT7Yis7J6Q7KKF66qpIOy2lOyynA%3D%3D,565회,20시간 전
95,🔥긴급속보)액면분할결정🔥 매수하면 5000% 올라갈 5배 2차전지 텐배거 주식. 놓치면 다시는 기회가 없습니다. 금양 에코프로 보다 40배 이상 뛴다,https://youtube.com/watch?v=CnxCSJixIlc&pp=ygUT7Yis7J6Q7KKF66qpIOy2lOyynA%3D%3D,80회,14시간 전
96,"[금양]-(일) 9/24 '주당 5주 무상증자' 확정! 박순혁추천주,김작가tv,서정덕tv#금양#금양주식전망#금양주가전망#금양주가#금양전망#금양주식#금양분석#금양목표가#2차전지관련주",https://youtube.com/watch?v=9eDhwfkX4F0&pp=ygUT7Yis7J6Q7KKF66qpIOy2lOyynA%3D%3D,229회,20시간 전
97,"에코프로,에코프로비엠-일요일밤 충격속보! 오늘 모든게 다 뒤집힌다! 역대급 상장호재! 다 계획이었다! 박순혁추천주,김작가tv,서정덕tv,이동채,선대인,선대인tv,기봉이주식tv",https://youtube.com/watch?v=i13Py1RRwDI&pp=ygUT7Yis7J6Q7KKF66qpIOy2lOyynA%3D%3D,366회,19시간 전
98,"[금양]-(월) 여러분.. 드디어 오늘입니다!! 박순혁추천주,김작가tv,서정덕tv#금양#금양주식전망#금양주가전망#금양주가#금양전망#금양주식#금양분석#금양목표가#2차전지관련주",https://youtube.com/watch?v=tJ8iqW-61es&pp=ygUT7Yis7J6Q7KKF66qpIOy2lOyynA%3D%3D,282회,12시간 전
99,속보!! 다음 주 로봇주 대상승시그널 #레인보우로보틱스 또 대장주로 급등하는 이유? 두산로보틱스 상장 전 필수시청,https://youtube.com/watch?v=cYvyLxVI9vI&pp=ygUT7Yis7J6Q7KKF66qpIOy2lOyynA%3D%3D,24회,22시간 전
100,"에코프로,에코프로비엠-10분전 긴급 임원진소집! 드디어 나왔다! 역대급 호재! 120만원 주가확정의 결정적인 이유! 박순혁추천주,김작가tv,서정덕tv,이동채,선대인,선대인tv",https://youtube.com/watch?v=e4Es4JQ6ZKI&pp=ygUT7Yis7J6Q7KKF66qpIOy2lOyynA%3D%3D,115회,20시간 전
101,"에코프로,에코프로비엠🔥특급공시떴다!! 이럴줄알았다 인수합병발표! 2연속상한가간다! 주주님들 축하드립니다 박순혁추천주,김작가tv,서정덕tv 박순혁추천주,김작가tv,서정덕tv",https://youtube.com/watch?v=BgZ-IthG_9w&pp=ygUT7Yis7J6Q7KKF66qpIOy2lOyynA%3D%3D,536회,23시간 전
102,[우듬지팜 주가전망] '토망고' 우듬지팜 절대 털리지마세요 앞으로 오를일만 남았다. #우듬지팜,https://youtube.com/watch?v=KyCXS5KaLKI&pp=ygUT7Yis7J6Q7KKF66qpIOy2lOyynA%3D%3D,24회,19시간 전
103,"[금양 주가]-(월)예상주가, 여러분 제대로 터졌습니다.박순혁추천주,김작가tv,서정덕tv#금양#금양주식전망#금양주가전망#금양주가#금양전망#금양주식#금양분석#금양목표가#2차전지관련주",https://youtube.com/watch?v=5JHadX3jfxg&pp=ygUT7Yis7J6Q7KKF66qpIOy2lOyynA%3D%3D,341회,19시간 전
104,"[금양]-(월) 3시 '10월 액면분할' 확정났다!! 박순혁추천주,김작가tv,서정덕tv#금양#금양주식전망#금양주가전망#금양주가#금양전망#금양주식#금양분석#금양목표가#2차전지관련주",https://youtube.com/watch?v=696lM49kTsI&pp=ygUT7Yis7J6Q7KKF66qpIOy2lOyynA%3D%3D,416회,2시간 전
105,"에코프로,에코프로비엠-(월)예상주가, 또 간다!! 이번주 목표가 80만원! 미쳤다! 미쳤어!! 이제는 동생! 에코프로비엠 차례!! 박순혁추천주,김작가tv,서정덕tv",https://youtube.com/watch?v=5-t4_EAYScA&pp=ygUT7Yis7J6Q7KKF66qpIOy2lOyynA%3D%3D,156회,19시간 전
106,"비트코인 반등? 폭락? ⎮ 비트코인, 비트코인etf, 비트코인가격, 비트코인전망, 크립토 블라블라",https://youtube.com/watch?v=lWAHXKbBSx4&pp=ygUT7Yis7J6Q7KKF66qpIOy2lOyynA%3D%3D,1만회,20시간 전
107,"에코프로,에코프로비엠🔥늦은밤 속보!! 9월25일 시초가 난리났습니다 상한가다! 이 영상은 꼭 보세요 #기봉이주식tv #김작가tv 서정덕tv 박순혁추천주,김작가tv,서정덕tv",https://youtube.com/watch?v=rppjdTZPhAc&pp=ygUT7Yis7J6Q7KKF66qpIOy2lOyynA%3D%3D,335회,18시간 전
108,▶포스코홀딩스 긴급분석◀9월25일 새벽공시 반드시 확인하세요.. 폭풍전야입니다 심각합니다#포스코홀딩스 #포스코홀딩스주가전망 #포스코홀딩스분석,https://youtube.com/watch?v=kZnDEkf798c&pp=ygUT7Yis7J6Q7KKF66qpIOy2lOyynA%3D%3D,4.8천회,12시간 전
109,"[포스코DX] ""속보"" 불기둥! 장대양봉 터진다! 목표가 25만원? 35만원? 투자전략 대 공개!",https://youtube.com/watch?v=YBSUxrc1BX4&pp=ygUT7Yis7J6Q7KKF66qpIOy2lOyynA%3D%3D,19회,19시간 전
110,[주식] 사우디국부펀드에게 5000억 투자 받은 국내 AI의료기기 '이주식' 증시폭락이 온 지금이 마지막 눌림목 매수 기회입니다. 현금이 단숨에 3배가 돼요.. 눈뜨자마자 풀매수,https://youtube.com/watch?v=y3VZTSKKCxc&pp=ygUT7Yis7J6Q7KKF66qpIOy2lOyynA%3D%3D,없음,22시간 전
111,[9월25일 월요일] 세계최고 기술확보 성공!! 중입자치료로 암정복 잭팟터진 '이주식' 몰빵해라! 모비스보다 딱 10배 폭등합니다! 시초가에 떄려죽여도 사모으세요,https://youtube.com/watch?v=Nt6rd7jyTfI&pp=ygUT7Yis7J6Q7KKF66qpIOy2lOyynA%3D%3D,472회,20시간 전
112,#차바이오텍 올 매출 1조 전망!! #1분주식 #주식 #주식공부 #주식초보 #주식추천 #종목추천 #추천주 #주식투자 #주식단타 #주식정보 #주식강의,https://youtube.com/shorts/S-woiPlTOdE,없음,9시간 전
113,"에코프로,에코프로비엠-긴급특보! 충격사실폭로! 현재의 상황! 이것뿐이다! 이거면 모든게 완벽해결!! 박순혁추천주,김작가tv,서정덕tv,이동채,선대인,선대인tv,기봉이주식tv",https://youtube.com/watch?v=feXNzJ6C7tI&pp=ygUT7Yis7J6Q7KKF66qpIOy2lOyynA%3D%3D,79회,23시간 전
114,[ 금양 주가전망 ] 미안합니다,https://youtube.com/watch?v=QYpM3Py3rvU&pp=ygUT7Yis7J6Q7KKF66qpIOy2lOyynA%3D%3D,128회,23시간 전
115,이번주에 챙겨봐야 할 테마주들입니다.,https://youtube.com/watch?v=t3a5reZTs64&pp=ygUT7Yis7J6Q7KKF66qpIOy2lOyynA%3D%3D,111회,18시간 전
116,[ 금양 주가전망 ]  부산 공장 매각 승인,https://youtube.com/watch?v=wkLdN1fcOAE&pp=ygUT7Yis7J6Q7KKF66qpIOy2lOyynA%3D%3D,140회,22시간 전
117,"[LG화학, S-Oil, 호텔신라] 오전장 핫이슈 종목 전략",https://youtube.com/watch?v=dNVvrC2Yfww&pp=ygUT7Yis7J6Q7KKF66qpIOy2lOyynA%3D%3D,148회,8시간 전
118,"에코프로,에코프로비엠-(일) 눈물나게 기다렸던 소식!! 난리났다!! 월요일 드디어 ""연금"" 터진다!! 박순혁추천주,김작가tv,서정덕tv",https://youtube.com/watch?v=4vC4-EqLjss&pp=ygUT7Yis7J6Q7KKF66qpIOy2lOyynA%3D%3D,82회,22시간 전
119,[탑클럽 고광현] 주간 압도적 1등! 핵심 3종목 집중공략 어때요? 행복한 추석 만들기!  미래가 내 계좌를 살려준다!!!,https://youtube.com/watch?v=trY7BCohyCs&pp=ygUT7Yis7J6Q7KKF66qpIOy2lOyynA%3D%3D,1.1천회,스트리밍 시간: 1일 전
120,[급등주 추천]-테슬라 합작법인 통과!! 9월25일 꼭 매수하세요! 월요일 상한가 직행입니다! 마지막 수익찬스! 상한가 종목추천 급등주 무료단타 단타 추천종목 종목추천,https://youtube.com/watch?v=-ZRjdkwupbI&pp=ygUT7Yis7J6Q7KKF66qpIOy2lOyynA%3D%3D,23회,19시간 전
121,"[금양] 실제상황! 월요일 ""메가톤급 이슈"" 엄청난 소식 이렇게 나왔습니다!",https://youtube.com/watch?v=bWsWKwcOT5U&pp=ygUT7Yis7J6Q7KKF66qpIOy2lOyynA%3D%3D,126회,20시간 전
122,[금양] 단독속보🔥다음주 월요일 무조건 상한가 간다!! 초대박 터졌습니다!! 주주님들 정말 축하드려요!!,https://youtube.com/watch?v=OPRn2W4ZA6c&pp=ygUT7Yis7J6Q7KKF66qpIOy2lOyynA%3D%3D,59회,21시간 전
123,#포스코홀딩스 #포스코홀딩스주가 #포스코홀딩스주가전망 #포스코홀딩스목표가 #포스코홀딩스주식 #포스코홀딩스주식전망 #포스코홀딩스분석 #포스코홀딩스투자 #포스코홀딩스투자전략,https://youtube.com/watch?v=230BXk8KRbQ&pp=ygUT7Yis7J6Q7KKF66qpIOy2lOyynA%3D%3D,191회,22시간 전
124,'농슬라' #대동 북미 점유율 2배 높일 것 #1분주식 #주식 #주식공부 #주식초보 #주식추천 #종목추천 #추천주 #주식투자 #주식단타 #주식정보 #주식강의,https://youtube.com/shorts/GqDDCvdqE2U,25회,9시간 전
125,[신성델타테크 주가분석] 🚨9/25 월 [급락 긴급속보] 블록딜 시작 앞으로 2500% 간다 추석 이후부터 상승시킬겁니다. 10월 13일 이후 신성에스티 상장,https://youtube.com/watch?v=HyA54IZ_bTA&pp=ygUT7Yis7J6Q7KKF66qpIOy2lOyynA%3D%3D,37회,3시간 전
126,"[금양]-늦은밤 경사났네! 9월25일 시초가 상한가확정!박순혁추천주,김작가tv,서정덕tv#금양#금양주식전망#금양주가전망#금양주가#금양전망#금양주식#금양분석#금양목표가#2차전지관련주",https://youtube.com/watch?v=sABpLQpCA9E&pp=ygUT7Yis7J6Q7KKF66qpIOy2lOyynA%3D%3D,89회,18시간 전
127,[금양 주가전망] 아직도 안파셨어요? 몽땅 파세요,https://youtube.com/watch?v=pJwuo_-k28w&pp=ygUT7Yis7J6Q7KKF66qpIOy2lOyynA%3D%3D,312회,16시간 전
128,[주식 상한가 추전주]드디어 마침표를 찍네요! JP모건 공식 백기투항!내일 난리날겁니다!!,https://youtube.com/watch?v=_6B9poA746c&pp=ygUT7Yis7J6Q7KKF66qpIOy2lOyynA%3D%3D,498회,21시간 전
129,[주식 상한가 추전주]긴급속보💥이동채 드디어 폭팔했다..!월요일 급등 준비하세요!!,https://youtube.com/watch?v=YaZc-awJMSw&pp=ygUT7Yis7J6Q7KKF66qpIOy2lOyynA%3D%3D,194회,19시간 전
130,[하이드로리튬 주가 전망] 하이드로리튬 주주분들 마음 아프지만. 준비하셔야 될듯해요. 기업평가 했으니 주주분들은 반드시 필참!!! 앞으로는 손절선 잘 지키세요 정프로가 돕겠습니다,https://youtube.com/watch?v=Gyk8GpsrnK0&pp=ygUT7Yis7J6Q7KKF66qpIOy2lOyynA%3D%3D,384회,22시간 전
131,[급등주추천]🔥국내 화장품 판매 호조에 美 시장 점유율 1위 차지! '이종목' 수익성 안전성면에서 증권사 탑픽! 10분안에 품절된다. 에코프로 보다 120배 더 터진다!,https://youtube.com/watch?v=JTDcddxFRZ4&pp=ygUT7Yis7J6Q7KKF66qpIOy2lOyynA%3D%3D,없음,23시간 전
132,긴급속보🔥 SDN 미국 태양광 대규모 발전소 여의도 6배🔥 미친 상승 시작됐다 나중엔 사고 싶어도 못삽니다.. 올인,https://youtube.com/watch?v=of_Iy_AAFhc&pp=ygUT7Yis7J6Q7KKF66qpIOy2lOyynA%3D%3D,없음,19시간 전
133,$$ 이브이첨단소재 주가전망 [긴급][속보][특급정보] $$ 큰일이네! 개인들 물량 보유전략! 전기차 판매가 저조하다? 수요폭증! 부가가치 폭증임박! 당장 쓸어모으세요!,https://youtube.com/watch?v=b2OPbv3efIQ&pp=ygUT7Yis7J6Q7KKF66qpIOy2lOyynA%3D%3D,308회,20시간 전
134,포스코홀딩스 🔥 9월25일 월요일 아침공시! 美-中 12조규모 계약! 목표가 90만원 #삼성전자#서정덕tv#김작가tv#기봉이주식tv #매집#중국#미국#박순혁이사#금양 #포스코홀딩스,https://youtube.com/watch?v=t5nPoHUGYwE&pp=ygUT7Yis7J6Q7KKF66qpIOy2lOyynA%3D%3D,2.5천회,11시간 전
135,[주식 상한가 추전주]늦은밤 속보🌜엄청난게 다가온다...두산로보보다 큰게옵니다!!내일 기대하세요!!,https://youtube.com/watch?v=uQ8oAIq1Qcw&pp=ygUT7Yis7J6Q7KKF66qpIOy2lOyynA%3D%3D,130회,18시간 전
136,[에이비프로바이오] 종토방 난리났다?! 반드시 잡아야하는 대형 호재!,https://youtube.com/watch?v=Y5Fsce3EcBo&pp=ygUT7Yis7J6Q7KKF66qpIOy2lOyynA%3D%3D,없음,11시간 전
137,[주식] 🔥삼성 두산로보틱스에 맞춰 '이 기업' 7000억에 인수확정!? 세계 1위 자율주행 新기술 '이 기업' 레인보우로보틱스 보다 10배 더 긴디 저평가로봇주 빠르게 사모으세요,https://youtube.com/watch?v=3eIfsVhTAh0&pp=ygUT7Yis7J6Q7KKF66qpIOy2lOyynA%3D%3D,1.2천회,21시간 전
138,"[금양]-(일) 8시 '10월 MSCI 편입' 해냈다! 박순혁추천주,김작가tv,서정덕tv#금양#금양주식전망#금양주가전망#금양주가#금양전망#금양주식#금양분석#금양목표가#2차전지관련주",https://youtube.com/watch?v=SiXFhqA6mSQ&pp=ygUT7Yis7J6Q7KKF66qpIOy2lOyynA%3D%3D,없음,21시간 전
139,[긴급속보] 1:1 무상증자 단행/1주당 특별배당금 15000원#포스코홀딩 #포스코홀딩스전망 #포스코홀딩스목표가 #포스코퓨처엠 #포스코퓨처엠주가,https://youtube.com/watch?v=8UJfH2aAe98&pp=ygUT7Yis7J6Q7KKF66qpIOy2lOyynA%3D%3D,956회,21시간 전
140,[탑클럽 고광현] 주간 압도적 1등! 핵심 3종목 집중공략 어때요? 행복한 추석 만들기!  미래가 내 계좌를 살려준다!!!,https://youtube.com/watch?v=1G4EmsLjtaI&pp=ygUT7Yis7J6Q7KKF66qpIOy2lOyynA%3D%3D,639회,1일 전
141,캠시스 테슬라 폭등🔥 슈퍼컴퓨터 폭발🔥 7000% 상승 예상!,https://youtube.com/watch?v=d6WifsFlzJ0&pp=ygUT7Yis7J6Q7KKF66qpIOy2lOyynA%3D%3D,없음,16시간 전
142,[주식]🚩자사주 5000만주 매집한 '국내유일' 2차전지 저평가 딱 한 종목 조만간 무섭게 올라갑니다 대형호재만 아직 3개 남아있습니다. 100만원만 넣어도 두달 뒤 2억,https://youtube.com/watch?v=XA_MIVRARf8&pp=ygUT7Yis7J6Q7KKF66qpIOy2lOyynA%3D%3D,없음,21시간 전
143,AI 교과서로 학생별 맞춤형 교육!! #에듀테크 #비상교육 #1분주식 #주식 #주식공부 #주식초보 #주식추천 #종목추천 #추천주 #주식투자 #주식단타 #주식정보 #주식강의,https://youtube.com/shorts/Gm6mAK_YoJc,없음,9시간 전
144,에이스테크 바이든 인프라법 420억 달러 본격 수혜 대장주🔥 5G 안테나 이번달 생산 무조건 담아라🔥,https://youtube.com/watch?v=7JqtyxXsdwY&pp=ygUT7Yis7J6Q7KKF66qpIOy2lOyynA%3D%3D,5회,18시간 전
145,[강원에너지]🔥세계최초 리튬광산+니켈광산+흑연광산까지 싹쓸이한 '이종목' 10000조 MOU확정! 월요일부터 매일 터지니 가진거 싹 때려박아라,https://youtube.com/watch?v=X-wateuP_Lw&pp=ygUT7Yis7J6Q7KKF66qpIOy2lOyynA%3D%3D,2회,20시간 전
146,[주식] 지금 미친척 당장 사야할 주식이 생겼다!! 삼성이 인수할 AI 세계1위 기술력 보유 '이주식' 2023년 결국 10배 폭등할 텐배거 주식입니다,https://youtube.com/watch?v=N-iM0O3YNyg&pp=ygUT7Yis7J6Q7KKF66qpIOy2lOyynA%3D%3D,없음,23시간 전
147,[주식] 사우디와 자동차부품 잭팟 터졌다!! 10월에 대장이 될 '이주식' 내일 눈 뜨자마자 당장 사라!! 바닥에서 크게 상승 하는 저평가 1위주식,https://youtube.com/watch?v=6k5TVf3uxWM&pp=ygUT7Yis7J6Q7KKF66qpIOy2lOyynA%3D%3D,없음,23시간 전
148,#메타 AI 챗봇 이르면 이번 주 공개!! (#메타관련주 : #와이즈버즈 #플레이디 #비트나인 등) #1분주식 #주식 #주식공부 #주식초보 #주식추천 #종목추천,https://youtube.com/shorts/RZvzSKkSPsQ,92회,10시간 전
149,🚨속보🚨이재용 로봇 인수한다! 제2의 레인보우로보틱스 보다 100배는 더 터진다 '이종목' 무상증자 후 삼성이 최대주주로! 에스비비테크 로보로보 휴림로봇 카나리아바이오 노터스,https://youtube.com/watch?v=wt19HcCcBvs&pp=ygUT7Yis7J6Q7KKF66qpIOy2lOyynA%3D%3D,없음,19시간 전
150,[티이엠씨]🔥세계최초 리튬광산+니켈광산+흑연광산까지 싹쓸이한 '이종목' 10000조 MOU확정! 월요일부터 매일 터지니 가진거 싹 때려박아라,https://youtube.com/watch?v=U09dU-vfESM&pp=ygUT7Yis7J6Q7KKF66qpIOy2lOyynA%3D%3D,11회,19시간 전
151,"[긴급속보]9월 기본배당 보류?/주주환원책,특별배당금 결정#포스코홀딩 #포스코홀딩스전망 #포스코홀딩스목표가 #포스코퓨처엠 #포스코퓨처엠주가",https://youtube.com/watch?v=p_LJNjlDQBY&pp=ygUT7Yis7J6Q7KKF66qpIOy2lOyynA%3D%3D,394회,1일 전
152,[금양주가전망] 추석 준비만 하셨습니까? 2차전지 타격! 대비하세요!! 빠른 대응전략 박순혁 김작가tv 서정덕tv 윤철중 기봉이 주식,https://youtube.com/watch?v=ohHkXmd1pX4&pp=ygUT7Yis7J6Q7KKF66qpIOy2lOyynA%3D%3D,없음,23시간 전
153,[ 이수스페셜티케미컬 ] 3거래일 남았네요. +400% 따따블 종목 공개합니다.,https://youtube.com/watch?v=twqvKqdQDtI&pp=ygUT7Yis7J6Q7KKF66qpIOy2lOyynA%3D%3D,285회,23시간 전
154,[압타머사이언스]🔥세계최초 리튬광산+니켈광산+흑연광산까지 싹쓸이한 '이종목' 10000조 MOU확정! 월요일부터 매일 터지니 가진거 싹 때려박아라,https://youtube.com/watch?v=j9IwsR8l4H8&pp=ygUT7Yis7J6Q7KKF66qpIOy2lOyynA%3D%3D,3회,20시간 전
155,"[이수스페셜티케미컬] 실제상황! 월요일 ""메가톤급 이슈"" 엄청난 소식 이렇게 나왔습니다!",https://youtube.com/watch?v=SiU_stP71_w&pp=ygUT7Yis7J6Q7KKF66qpIOy2lOyynA%3D%3D,없음,20시간 전
156,[엑스페릭스] #엑스페릭스주가 #엑스페릭스주가전망 #엑스페릭스목표가,https://youtube.com/watch?v=Rk2O9_KRUeg&pp=ygUT7Yis7J6Q7KKF66qpIOy2lOyynA%3D%3D,없음,1일 전
157,[성우테크론] #성우테크론주가 #성우테크론주가전망 #성우테크론목표가,https://youtube.com/watch?v=6-jveXHclxo&pp=ygUT7Yis7J6Q7KKF66qpIOy2lOyynA%3D%3D,없음,1일 전
158,[케이피에스] #케이피에스주가 #케이피에스주가전망 #케이피에스목표가,https://youtube.com/watch?v=bQr12wugccU&pp=ygUT7Yis7J6Q7KKF66qpIOy2lOyynA%3D%3D,없음,1일 전
159,[내일추천주] 실리콘투🔥국내 화장품 판매 호조에 美 시장 점유율 1위 차지! '이종목' 수익성 안전성면에서 증권사 탑픽! 10분안에 품절된다. 에코프로 보다 120배 더 터진다!,https://youtube.com/watch?v=vzpbMKbOsBw&pp=ygUT7Yis7J6Q7KKF66qpIOy2lOyynA%3D%3D,없음,1일 전
160,“유진로봇” 유튜브 최초 보도! 내일 풀매수할 히든종목공개! 쌍끌이 쓸어모아라!,https://youtube.com/watch?v=nIgi15nk0uU&pp=ygUT7Yis7J6Q7KKF66qpIOy2lOyynA%3D%3D,없음,16시간 전
161,“큐렉소” 유튜브 최초 보도! 내일 풀매수할 히든종목공개! 쌍끌이 쓸어모아라!,https://youtube.com/watch?v=a30gHpxX23M&pp=ygUT7Yis7J6Q7KKF66qpIOy2lOyynA%3D%3D,없음,1일 전
162,[시큐센] #시큐센주가 #시큐센주가전망 #시큐센목표가,https://youtube.com/watch?v=euy2UKuyC0I&pp=ygUT7Yis7J6Q7KKF66qpIOy2lOyynA%3D%3D,5회,1일 전
163,"[포스코홀딩스] ""속보"" 최소 5억씩 번다! 제발좀사라! 이럴 때 사세요! 긴급매수!",https://youtube.com/watch?v=U0RLy_GIjrA&pp=ygUT7Yis7J6Q7KKF66qpIOy2lOyynA%3D%3D,2회,13시간 전
164,[디에이테크놀로지] #디에이테크놀로지주가 #디에이테크놀로지주가전망 #디에이테크놀로지목표가,https://youtube.com/watch?v=p5WCmvYykL4&pp=ygUT7Yis7J6Q7KKF66qpIOy2lOyynA%3D%3D,없음,1일 전
165,[강원에너지] #강원에너지주가 #강원에너지주가전망 #강원에너지목표가,https://youtube.com/watch?v=PPJycAYGOuo&pp=ygUT7Yis7J6Q7KKF66qpIOy2lOyynA%3D%3D,없음,23시간 전
166,[옵트론텍] #옵트론텍주가 #옵트론텍주가전망 #옵트론텍목표가,https://youtube.com/watch?v=q__n1Z5dhJ8&pp=ygUT7Yis7J6Q7KKF66qpIOy2lOyynA%3D%3D,없음,23시간 전
167,[포스코스틸리온] #포스코스틸리온 #포스코스틸리온주가 #포스코스틸리온주가전망 #포스코스틸리온목표가,https://youtube.com/watch?v=6GKA2ivFJhU&pp=ygUT7Yis7J6Q7KKF66qpIOy2lOyynA%3D%3D,없음,1일 전
168,테라사이언스 #테라사이언스주가 #테라사이언스주가전망 #테라사이언스목표가,https://youtube.com/watch?v=r00xOspH7Bc&pp=ygUT7Yis7J6Q7KKF66qpIOy2lOyynA%3D%3D,없음,1일 전
169,[NPC] #NPC주가 #NPC주가전망 #NPC목표가,https://youtube.com/watch?v=_5U8glD2LOI&pp=ygUT7Yis7J6Q7KKF66qpIOy2lOyynA%3D%3D,없음,1일 전
170,[EG] #EG #EG주가 #EG주가전망 #EG목표가,https://youtube.com/watch?v=dpE8jDlmpgk&pp=ygUT7Yis7J6Q7KKF66qpIOy2lOyynA%3D%3D,없음,1일 전
171,[동국알앤에스] #동국알앤에스주가전망 #동국알앤에스목표가,https://youtube.com/watch?v=QxyrmOXS-Y8&pp=ygUT7Yis7J6Q7KKF66qpIOy2lOyynA%3D%3D,없음,1일 전
172,[제주맥주 - 주가전망] 공시 확인 하셨나요? 4분기 확정된 매출만 '000' 넘어요! 본격적인 매출 턴어라운드 구간 국내독점 1위 달성한다!,https://youtube.com/watch?v=hzZkQeXlAg8&pp=ygUT7Yis7J6Q7KKF66qpIOy2lOyynA%3D%3D,16회,23시간 전
173,"[드림씨아이에스]💎개미들 다 털렸다! ""확정가격 50만원"" 목표가 등록완료 로봇&리튬 다 엮여서 올라가는데 품절주다! 빨리사라 최소 2000%는 먹고 주식판 뜨자!",https://youtube.com/watch?v=rOp1aKMudDY&pp=ygUT7Yis7J6Q7KKF66qpIOy2lOyynA%3D%3D,5회,17시간 전
174,너무 싼 이 주식 70배 에코 금양 놓쳤다면 집중 리튬 진짜 1위 에코 금양 박순혁추천주 김작가tv 서정덕tv,https://youtube.com/watch?v=N120GxJgMwM&pp=ygUT7Yis7J6Q7KKF66qpIOy2lOyynA%3D%3D,56회,20시간 전
175,[티플랙스] #티플랙스주가 #티플랙스주가전망 #티플랙스목표가,https://youtube.com/watch?v=cY7NnUDD1R8&pp=ygUT7Yis7J6Q7KKF66qpIOy2lOyynA%3D%3D,없음,21시간 전
176,[주식 상한가 추천주] 포스코홀딩스 대박 터졌다! 미국 최대 자산운용사 JP모건 1조 매수 결정! 내일부터 역사적 신고가 돌파합니다 2차전지 대장주 지금부터 무조건 사세요! 박순혁,https://youtube.com/watch?v=XGAv4Qd-3_A&pp=ygUT7Yis7J6Q7KKF66qpIOy2lOyynA%3D%3D,없음,21시간 전
177,"[주식] ""월요일 시초가에 반드시 사야할 마지막..."" ... 100명중 90명은 부자 되실겁니다. '이 기업' 반드시 매수하세요 (주식 / 2차전지)",https://youtube.com/watch?v=upiT4GJtV_g&pp=ygUT7Yis7J6Q7KKF66qpIOy2lOyynA%3D%3D,1회,21시간 전
178,[매매기법]  연속 이틀 상한가 잡아낸 조건 검색식🔥주린이도 지금 바로 써먹어보세요🔥#시초가매매기법 #단타기법 #단타 #단타매매 #단타매매기법 #단타매매영상,https://youtube.com/watch?v=BJ6Z82THvgI&pp=ygUT7Yis7J6Q7KKF66qpIOy2lOyynA%3D%3D,없음,20시간 전
179,큐렉소/ 🔥제2의 두산로보틱스 삼성이 선택한 '이 종목' 심지어 삼성도 100조 투자한다? 10월 미친척 매수하세요.이 종목 무조건 꼭 사라!,https://youtube.com/watch?v=BnNtGVk80Rw&pp=ygUT7Yis7J6Q7KKF66qpIOy2lOyynA%3D%3D,없음,3시간 전
180,[매매기법] 5일선 하나로 모든걸 다 할 수 있습니다🔥 무조건 이기는 기법🔥 당장 따라만 하세요,https://youtube.com/watch?v=17cdZzeecCs&pp=ygUT7Yis7J6Q7KKF66qpIOy2lOyynA%3D%3D,없음,18시간 전
181,[알에프세미]🔥세계최초 AI장착한 F1로봇 탄생! '이종목' 전세계 로봇1위로 올라선다 사고싶어도 못사니까 기회줄때 콩팥걸고 전부 올인🔥,https://youtube.com/watch?v=EVr35CKinrE&pp=ygUT7Yis7J6Q7KKF66qpIOy2lOyynA%3D%3D,없음,16시간 전
182,[삼부토건] 공매도 큰일났다!! 바로 확인하세요!!,https://youtube.com/watch?v=LSuvGhjKRAk&pp=ygUT7Yis7J6Q7KKF66qpIOy2lOyynA%3D%3D,없음,23시간 전
183,[포스코엠텍]🔥세계최초 리튬광산+니켈광산+흑연광산까지 싹쓸이한 '이종목' 10000조 MOU확정! 월요일부터 매일 터지니 가진거 싹 때려박아라,https://youtube.com/watch?v=Y2NRlbnHUD4&pp=ygUT7Yis7J6Q7KKF66qpIOy2lOyynA%3D%3D,없음,20시간 전
184,[하이드로리튬]🔥세계최초 리튬광산+니켈광산+흑연광산까지 싹쓸이한 '이종목' 10000조 MOU확정! 월요일부터 매일 터지니 가진거 싹 때려박아라,https://youtube.com/watch?v=UPx6g5BCIZY&pp=ygUT7Yis7J6Q7KKF66qpIOy2lOyynA%3D%3D,없음,20시간 전
185,[성우테크론] #성우테크론주가 #성우테크론주가전망 #성우테크론목표가,https://youtube.com/watch?v=t1U_XvLRBPk&pp=ygUT7Yis7J6Q7KKF66qpIOy2lOyynA%3D%3D,없음,17시간 전
186,"스트라이크 [긴급] 100% 확률로 곧 ""미친폭등"" 나옵니다. 영상 꼭 보시고 ""강력매수"" #코인시황",https://youtube.com/watch?v=tdZOWlb8DYg&pp=ygUT7Yis7J6Q7KKF66qpIOy2lOyynA%3D%3D,395회,1일 전
187,[대한전선]★결국 이런 일이 터졌다!!#대한전선주가전망#대한전선주가#대한전선#대한전선 유상증자#대한전선 무상증자#주식#주식투자#매수#매도#세력#매매,https://youtube.com/watch?v=BxXCSBM7cSk&pp=ygUT7Yis7J6Q7KKF66qpIOy2lOyynA%3D%3D,4회,21시간 전
188,[주식 상한가 추천주] FOMC 결과 발표 후 코스피 코스닥 대폭락! 하지만 폭락장에도 '이 주식'은 세력들이 계속해서 매수한다! 2차전지 횡보 테마주 순환매 상한가 급등주 추천,https://youtube.com/watch?v=owuIGGu6h2o&pp=ygUT7Yis7J6Q7KKF66qpIOy2lOyynA%3D%3D,없음,22시간 전
189,조회수 10만 넘길려고 비장의 무기 '이 것' 공개합니다. (4분기안에 2배 상승할 종목 찾는 법),https://youtube.com/watch?v=82_AI8cJb6A&pp=ygUT7Yis7J6Q7KKF66qpIOy2lOyynA%3D%3D,3.9천회,1일 전
190,[남선알미늄] #남선알미늄주가 #남선알미늄주가전망 #남선알미늄목표가,https://youtube.com/watch?v=j2Kw_1sB39w&pp=ygUT7Yis7J6Q7KKF66qpIOy2lOyynA%3D%3D,7회,1일 전
191,[주식] HLB생명과학 🔥국내 화장품 판매 호조에 美 시장 점유율 1위 차지! '이종목' 수익성 안전성면에서 증권사 탑픽! 10분안에 품절된다. 에코프로 보다 120배 더 터진다!,https://youtube.com/watch?v=HSJlzO47FPw&pp=ygUT7Yis7J6Q7KKF66qpIOy2lOyynA%3D%3D,5회,22시간 전
192,KG케미칼 #KG케미칼주가 #KG케미칼주가전망 #KG케미칼목표가,https://youtube.com/watch?v=hlaD3gtdEks&pp=ygUT7Yis7J6Q7KKF66qpIOy2lOyynA%3D%3D,8회,1일 전
193,[나인테크] #나인테크주가 #나인테크주가전망 #나인테크목표가,https://youtube.com/watch?v=fn-CCfnNdqY&pp=ygUT7Yis7J6Q7KKF66qpIOy2lOyynA%3D%3D,5회,1일 전
194,〈삼부토건〉 실시간 긴급속보! 내일정말 중요합니다! 주주님들 필수 시청!,https://youtube.com/watch?v=naZIfOLBe0U&pp=ygUT7Yis7J6Q7KKF66qpIOy2lOyynA%3D%3D,없음,18시간 전
195,〈레인보우로보틱스〉 실시간 긴급속보! 내일정말 중요합니다! 주주님들 필수 시청!,https://youtube.com/watch?v=hXYvboLq-gs&pp=ygUT7Yis7J6Q7KKF66qpIOy2lOyynA%3D%3D,없음,18시간 전
196,마음AI/ 🔥제2의 두산로보틱스 삼성이 선택한 '이 종목' 심지어 삼성도 100조 투자한다? 10월 미친척 매수하세요.이 종목 무조건 꼭 사라!,https://youtube.com/watch?v=B0IRTYVU6uI&pp=ygUT7Yis7J6Q7KKF66qpIOy2lOyynA%3D%3D,없음,12시간 전
197,[우정바이오 - 주가전망] 공시 확인 하셨나요? 4분기 확정된 매출만 '000' 넘어요! 본격적인 매출 턴어라운드 구간 국내독점 1위 달성한다!,https://youtube.com/watch?v=X_j8XXx5CtY&pp=ygUT7Yis7J6Q7KKF66qpIOy2lOyynA%3D%3D,27회,20시간 전
198,[휴림로봇]★결국 이런 일이 터졌다!!#휴림로봇#휴림로봇 주가#휴림로봇 주가전망#상한가#폭등#주식#주식투자#매수#매도#세력#매매#로봇#로봇관련주,https://youtube.com/watch?v=BhnNnB_MIew&pp=ygUT7Yis7J6Q7KKF66qpIOy2lOyynA%3D%3D,4회,22시간 전
199,신진에스엠 큰손 들어왔습니다 5000% 상승세!,https://youtube.com/watch?v=qTAAdDX7aOM&pp=ygUT7Yis7J6Q7KKF66qpIOy2lOyynA%3D%3D,없음,1일 전
200,[신성델타테크]세계가 다 너만 보잖아! 초전도체 1등다워! #초전도체 #신성델타테크 #신성델타테크전망 #신성델타테크분석 #신성델타테크목표가,https://youtube.com/watch?v=lcCuWwhokBY&pp=ygUT7Yis7J6Q7KKF66qpIOy2lOyynA%3D%3D,없음,20시간 전
201,[NPC] #NPC주가 #NPC주가전망 #NPC목표가,https://youtube.com/watch?v=_5U8glD2LOI&pp=ygUT7Yis7J6Q7KKF66qpIOy2lOyynA%3D%3D,4회,1일 전
202,"[이엔플러스 주가]-(월)예상주가, 여러분 제대로 터졌습니다. 주무시기 전 꼭 보세요. #이엔플러스 #이엔플러스주가 #이엔플러스주가전망",https://youtube.com/watch?v=isZMnvlssmo&pp=ygUT7Yis7J6Q7KKF66qpIOy2lOyynA%3D%3D,58회,19시간 전
203,애경케미칼 #애경케미칼주가 #애경케미칼주가전망 #애경케미칼목표가,https://youtube.com/watch?v=5OU8E9ycTj4&pp=ygUT7Yis7J6Q7KKF66qpIOy2lOyynA%3D%3D,6회,1일 전
204,“덕성” 유튜브 최초 보도! 내일 풀매수할 히든종목공개! 쌍끌이 쓸어모아라!,https://youtube.com/watch?v=qSzpus3GDsM&pp=ygUT7Yis7J6Q7KKF66qpIOy2lOyynA%3D%3D,없음,16시간 전
205,“큐렉소” 유튜브 최초 보도! 내일 풀매수할 히든종목공개! 쌍끌이 쓸어모아라!,https://youtube.com/watch?v=a30gHpxX23M&pp=ygUT7Yis7J6Q7KKF66qpIOy2lOyynA%3D%3D,없음,1일 전
206,[포스코퓨처엠] #포스코퓨처엠주가 #포스코퓨처엠주가전망 #포스코퓨처엠목표가,https://youtube.com/watch?v=DpR8OtWyQSs&pp=ygUT7Yis7J6Q7KKF66qpIOy2lOyynA%3D%3D,2회,1일 전
207,[강원에너지] #강원에너지주가 #강원에너지주가전망 #강원에너지목표가,https://youtube.com/watch?v=K0YuxnXFnO0&pp=ygUT7Yis7J6Q7KKF66qpIOy2lOyynA%3D%3D,1회,1일 전
208,[포스코홀딩스 ] #포스코홀딩스주가 #포스코홀딩스주가전망 #포스코홀딩스 목표가,https://youtube.com/watch?v=nGvgPuxgf4U&pp=ygUT7Yis7J6Q7KKF66qpIOy2lOyynA%3D%3D,없음,1일 전
209,[지더블유바이텍 - 주가전망] 공시 확인 하셨나요? 4분기 확정된 매출만 '000' 넘어요! 본격적인 매출 턴어라운드 구간 국내독점 1위 달성한다!,https://youtube.com/watch?v=2x9p_wugJzk&pp=ygUT7Yis7J6Q7KKF66qpIOy2lOyynA%3D%3D,10회,19시간 전
210,[디이엔티] #디이엔티주가 #디이엔티주가전망 #디이엔티목표가,https://youtube.com/watch?v=-1FLRamzuAk&pp=ygUT7Yis7J6Q7KKF66qpIOy2lOyynA%3D%3D,없음,1일 전
211,[광무] #광무주가 #광무주가전망 #광무목표가,https://youtube.com/watch?v=BNZRzsAbjz8&pp=ygUT7Yis7J6Q7KKF66qpIOy2lOyynA%3D%3D,없음,1일 전
212,[휴맥스] #휴맥스주가 #휴맥스주가전망 #휴맥스목표가,https://youtube.com/watch?v=s5QGSfWU740&pp=ygUT7Yis7J6Q7KKF66qpIOy2lOyynA%3D%3D,없음,1일 전
213,[티플랙스] #티플랙스주가 #티플랙스주가전망 #티플랙스목표가,https://youtube.com/watch?v=n7uMHT2bZjU&pp=ygUT7Yis7J6Q7KKF66qpIOy2lOyynA%3D%3D,없음,23시간 전
214,🌈[PI첨단소재] 무조건 있는거 시초가에 다 때려박으세요! 제 2의 금양 에코프로 '이종목' 내일부터 800배 터진다! 안터지면 채널삭제 전고체배터리 최고기술력 보유,https://youtube.com/watch?v=iZCEtEgXnxQ&pp=ygUT7Yis7J6Q7KKF66qpIOy2lOyynA%3D%3D,없음,19시간 전
215,[내일추천주] 실리콘투🔥국내 화장품 판매 호조에 美 시장 점유율 1위 차지! '이종목' 수익성 안전성면에서 증권사 탑픽! 10분안에 품절된다. 에코프로 보다 120배 더 터진다!,https://youtube.com/watch?v=vzpbMKbOsBw&pp=ygUT7Yis7J6Q7KKF66qpIOy2lOyynA%3D%3D,없음,1일 전
216,[주식 상한가 추천주] 포스코홀딩스 대박 터졌다! 미국 최대 자산운용사 JP모건 1조 매수 결정! 내일부터 역사적 신고가 돌파합니다 2차전지 대장주 지금부터 무조건 사세요! 박순혁,https://youtube.com/watch?v=XGAv4Qd-3_A&pp=ygUT7Yis7J6Q7KKF66qpIOy2lOyynA%3D%3D,없음,21시간 전
217,"[주식] ""월요일 시초가에 반드시 사야할 마지막..."" ... 100명중 90명은 부자 되실겁니다. '이 기업' 반드시 매수하세요 (주식 / 2차전지)",https://youtube.com/watch?v=upiT4GJtV_g&pp=ygUT7Yis7J6Q7KKF66qpIOy2lOyynA%3D%3D,1회,21시간 전
218,[매매기법]  연속 이틀 상한가 잡아낸 조건 검색식🔥주린이도 지금 바로 써먹어보세요🔥#시초가매매기법 #단타기법 #단타 #단타매매 #단타매매기법 #단타매매영상,https://youtube.com/watch?v=BJ6Z82THvgI&pp=ygUT7Yis7J6Q7KKF66qpIOy2lOyynA%3D%3D,없음,20시간 전
219,큐렉소/ 🔥제2의 두산로보틱스 삼성이 선택한 '이 종목' 심지어 삼성도 100조 투자한다? 10월 미친척 매수하세요.이 종목 무조건 꼭 사라!,https://youtube.com/watch?v=BnNtGVk80Rw&pp=ygUT7Yis7J6Q7KKF66qpIOy2lOyynA%3D%3D,없음,3시간 전
220,[매매기법] 5일선 하나로 모든걸 다 할 수 있습니다🔥 무조건 이기는 기법🔥 당장 따라만 하세요,https://youtube.com/watch?v=17cdZzeecCs&pp=ygUT7Yis7J6Q7KKF66qpIOy2lOyynA%3D%3D,없음,18시간 전
221,[알에프세미]🔥세계최초 AI장착한 F1로봇 탄생! '이종목' 전세계 로봇1위로 올라선다 사고싶어도 못사니까 기회줄때 콩팥걸고 전부 올인🔥,https://youtube.com/watch?v=EVr35CKinrE&pp=ygUT7Yis7J6Q7KKF66qpIOy2lOyynA%3D%3D,없음,16시간 전
222,[이랜시스]🔥세계최초 AI장착한 F1로봇 탄생! '이종목' 전세계 로봇1위로 올라선다 사고싶어도 못사니까 기회줄때 콩팥걸고 전부 올인🔥,https://youtube.com/watch?v=N2qZBah9k8k&pp=ygUT7Yis7J6Q7KKF66qpIOy2lOyynA%3D%3D,없음,16시간 전
223,"(금양)외인!숏커버중!전고점돌파!나온다! 외인!9월!460억매수!환매수,시작됐다!",https://youtube.com/watch?v=Rc-bWcSRpMI&pp=ygUT7Yis7J6Q7KKF66qpIOy2lOyynA%3D%3D,35회,20시간 전
224,[웰바이오텍] #웰바이오텍주가 #웰바이오텍주가전망 #웰바이오텍목표가,https://youtube.com/watch?v=sv9HDeL25W8&pp=ygUT7Yis7J6Q7KKF66qpIOy2lOyynA%3D%3D,9회,21시간 전
225,[포스코홀딩스]-(일)기여코 우려했던 소식입니다 #포스코홀딩스 #뉴스 #삼성전자 #서정덕tv #에코프로 #상한가 #기봉이주식tv #포스코케미칼 #슈카월드 #삼프로tv #주식 #돈,https://youtube.com/watch?v=Ia2EY2Woj0s&pp=ygUT7Yis7J6Q7KKF66qpIOy2lOyynA%3D%3D,67회,22시간 전
226,[삼부토건] 공매도 큰일났다!! 바로 확인하세요!!,https://youtube.com/watch?v=LSuvGhjKRAk&pp=ygUT7Yis7J6Q7KKF66qpIOy2lOyynA%3D%3D,없음,23시간 전
227,"[두산]가망 없는 종목 말고, 떡잎부터 다른 '이 종목'으로 갈아타세요! #두산 #두산로보틱스 #주가전망 #로봇관련주 #로봇관련주 #로봇대장주 #서정덕tv #기봉이주식tv",https://youtube.com/watch?v=qFG5ILkvUio&pp=ygUT7Yis7J6Q7KKF66qpIOy2lOyynA%3D%3D,없음,12시간 전
228,"스트라이크 [긴급] 100% 확률로 곧 ""미친폭등"" 나옵니다. 영상 꼭 보시고 ""강력매수"" #코인시황",https://youtube.com/watch?v=tdZOWlb8DYg&pp=ygUT7Yis7J6Q7KKF66qpIOy2lOyynA%3D%3D,395회,1일 전
229,[성우테크론] #성우테크론주가 #성우테크론주가전망 #성우테크론목표가,https://youtube.com/watch?v=t1U_XvLRBPk&pp=ygUT7Yis7J6Q7KKF66qpIOy2lOyynA%3D%3D,없음,17시간 전
230,[CJ 바이오사이언스]🔥세계최초 리튬광산+니켈광산+흑연광산까지 싹쓸이한 '이종목' 10000조 MOU확정! 월요일부터 매일 터지니 가진거 싹 때려박아라,https://youtube.com/watch?v=QVhB5wpajpE&pp=ygUT7Yis7J6Q7KKF66qpIOy2lOyynA%3D%3D,없음,20시간 전
231,[하이드로리튬]🔥세계최초 리튬광산+니켈광산+흑연광산까지 싹쓸이한 '이종목' 10000조 MOU확정! 월요일부터 매일 터지니 가진거 싹 때려박아라,https://youtube.com/watch?v=UPx6g5BCIZY&pp=ygUT7Yis7J6Q7KKF66qpIOy2lOyynA%3D%3D,없음,20시간 전
232,[대한전선]★결국 이런 일이 터졌다!!#대한전선주가전망#대한전선주가#대한전선#대한전선 유상증자#대한전선 무상증자#주식#주식투자#매수#매도#세력#매매,https://youtube.com/watch?v=BxXCSBM7cSk&pp=ygUT7Yis7J6Q7KKF66qpIOy2lOyynA%3D%3D,4회,21시간 전
233,"금양🔥 9/25(월) 마음의 준비하세요. 금양 긴급 발표,4680 배터리 사업 접습니다. 그러나 호재입니다!!",https://youtube.com/watch?v=CzhzbrTXplw&pp=ygUT7Yis7J6Q7KKF66qpIOy2lOyynA%3D%3D,30회,11시간 전
234,[주식 상한가 추천주] FOMC 결과 발표 후 코스피 코스닥 대폭락! 하지만 폭락장에도 '이 주식'은 세력들이 계속해서 매수한다! 2차전지 횡보 테마주 순환매 상한가 급등주 추천,https://youtube.com/watch?v=owuIGGu6h2o&pp=ygUT7Yis7J6Q7KKF66qpIOy2lOyynA%3D%3D,없음,22시간 전
235,[남선알미늄] #남선알미늄주가 #남선알미늄주가전망 #남선알미늄목표가,https://youtube.com/watch?v=j2Kw_1sB39w&pp=ygUT7Yis7J6Q7KKF66qpIOy2lOyynA%3D%3D,7회,1일 전
236,[매매기법] 급등하는 종목들에는 한 가지 공통점이 있습니다! 저만 활용하는 매매기법 상승할 주식을 찾는 방법 (설정법 포함) 9월24일 주식투자방법,https://youtube.com/watch?v=5P7HuP1ehTA&pp=ygUT7Yis7J6Q7KKF66qpIOy2lOyynA%3D%3D,없음,18시간 전
237,▶STX 긴급분석◀허횡된 얘기빼고!! 일단 긴급대응부터!! 전형적인 세력의 작전이다!! 주주분들 구해드리겠습니다!! #stx  #stx주가전망 #stx인적분할,https://youtube.com/watch?v=F97tX2y1QYg&pp=ygUT7Yis7J6Q7KKF66qpIOy2lOyynA%3D%3D,935회,21시간 전
238,9월말~ 10월초순 양대 핫이슈   에코프로머터리얼즈 예심 통과.  두산로보틱스 상장앞둔 로봇 대표주자 핫이슈,https://youtube.com/watch?v=sdRMqdsKk-I&pp=ygUT7Yis7J6Q7KKF66qpIOy2lOyynA%3D%3D,7.8천회,21시간 전
239,리플 XRP 개미털기 여론조작 폭등이 얼마 안남았다는 증거 #리플코인,https://youtube.com/watch?v=FwhrT080Ecc&pp=ygUT7Yis7J6Q7KKF66qpIOy2lOyynA%3D%3D,2천회,19시간 전
240,"[비트코인골드] 비트코인골드의 현재 상태와 전망, 꼭 보세요. #비트코인골드 #비트코인골드전망 #비트코인골드급등 #비트코인골드분석",https://youtube.com/watch?v=lDfK6QUBg5U&pp=ygUT7Yis7J6Q7KKF66qpIOy2lOyynA%3D%3D,18회,23시간 전
241,[이수스페셜티케미컬]-결국 터졌다 확정공시!  최종목표가 120만원! 5000%터진다! 절대 매도금지! #이수화학 #이수스페셜티케미컬 #이수화학주가전망,https://youtube.com/watch?v=EfpnYoWhk90&pp=ygUT7Yis7J6Q7KKF66qpIOy2lOyynA%3D%3D,111회,22시간 전
242,[속보]#두산  💎9월25일 월요일 10분전 긴급속보!! 지금 '이 내용' 놓치면 큰일난다!! 지금부터 10연상 나오는 이유!,https://youtube.com/watch?v=aQyuhzme9s8&pp=ygUT7Yis7J6Q7KKF66qpIOy2lOyynA%3D%3D,없음,21시간 전
243,"【이수스페셜티케미컬】 9/24 (일) 드디어 터졌습니다... 주주님들 절대 놀라지마세요! 이게 터졌으면 끝이에요 #기봉이주식tv #감작가tv 박순혁추천주,김작가tv,서정덕tv",https://youtube.com/watch?v=uNLA6jzHh4Y&pp=ygUT7Yis7J6Q7KKF66qpIOy2lOyynA%3D%3D,750회,1일 전
244,○SK하이닉스○ [속보] 9월 결정예정! 내일 30% 상한가 재료 터진다! 미친듯한 수익 챙기자!,https://youtube.com/watch?v=3gMZ20PdUeo&pp=ygUT7Yis7J6Q7KKF66qpIOy2lOyynA%3D%3D,없음,22시간 전
245,"[주식] 급등주의보📈 발령! 주식AI 가 뽑은 건설장비🏗️ 최고 수혜주는? 이 종목, 어쩌면 재건주 새로운 대장주 자리 뺐을지도 모르겠네요. 2024년 분명히 10배 이상 갑니다.",https://youtube.com/watch?v=6j-q1vco7gs&pp=ygUT7Yis7J6Q7KKF66qpIOy2lOyynA%3D%3D,9회,21시간 전
246,○파워로직스○ [속보] 9월 결정예정! 내일 30% 상한가 재료 터진다! 미친듯한 수익 챙기자!,https://youtube.com/watch?v=ml7Bu-5silM&pp=ygUT7Yis7J6Q7KKF66qpIOy2lOyynA%3D%3D,없음,22시간 전
247,【엑스게이트】 8분전 속보 지금 빨리 확인하세요! 최초 긴급공지 큰거 옵니다!,https://youtube.com/watch?v=k41D-jXPavI&pp=ygUT7Yis7J6Q7KKF66qpIOy2lOyynA%3D%3D,없음,20시간 전
248,〔우듬지팜〕 천금같은 기회는 지금입니다 여기서 사고! 여기서 팔아야 합니다!,https://youtube.com/watch?v=5mwMkkjyKCU&pp=ygUT7Yis7J6Q7KKF66qpIOy2lOyynA%3D%3D,없음,23시간 전
249,〔한일화학〕 천금같은 기회는 지금입니다 여기서 사고! 여기서 팔아야 합니다!,https://youtube.com/watch?v=kUnv9MnDzYM&pp=ygUT7Yis7J6Q7KKF66qpIOy2lOyynA%3D%3D,없음,23시간 전
250,※뉴로메카※ 실제상황 긴급속보 주주님들 큰일났습니다! 미쳤습니다! 다음주 4연상!,https://youtube.com/watch?v=TZ9q6wAgphk&pp=ygUT7Yis7J6Q7KKF66qpIOy2lOyynA%3D%3D,없음,1일 전
251,[매매기법] 주식투자 보물1호 고수가 아니어도  수익 낼 수 있는 기법 딱 10만원으로 연습해보세요 9월24일 주식투자방법,https://youtube.com/watch?v=qKdDzrrtilg&pp=ygUT7Yis7J6Q7KKF66qpIOy2lOyynA%3D%3D,없음,23시간 전
252,업비트 신규 상장! 이 코인 잡으면 최소 50배! #리플 #리플코인 #리플전망 #리플분석 #XRP,https://youtube.com/watch?v=2hObiz9t2Q0&pp=ygUT7Yis7J6Q7KKF66qpIOy2lOyynA%3D%3D,없음,23시간 전
253,업비트 8700% 상승! 폭등 나올 이 코인! #리플 #리플코인 #리플전망 #리플분석 #XRP,https://youtube.com/watch?v=2H62T59LbKE&pp=ygUT7Yis7J6Q7KKF66qpIOy2lOyynA%3D%3D,없음,19시간 전
254,리플 나스닥 상장! #리플 #리플코인 #리플전망,https://youtube.com/watch?v=UW12kQSo8fM&pp=ygUT7Yis7J6Q7KKF66qpIOy2lOyynA%3D%3D,없음,23시간 전
255,[매매기법] 화살표 보이면 그냥 사세요! 안정적으로 수익 볼 수 있는 매매기법 공개합니다 (설정법 포함) 9월24일 주식투자방법,https://youtube.com/watch?v=TzW6vzRNVkI&pp=ygUT7Yis7J6Q7KKF66qpIOy2lOyynA%3D%3D,32회,20시간 전
256,[엑스페릭스] #엑스페릭스주가 #엑스페릭스주가전망 #엑스페릭스목표가,https://youtube.com/watch?v=Rk2O9_KRUeg&pp=ygUT7Yis7J6Q7KKF66qpIOy2lOyynA%3D%3D,2회,1일 전
257,"[주식] ""월요일 시초가에 반드시 사야할 마지막..."" ... 100명중 90명은 부자 되실겁니다. '이 기업' 반드시 매수하세요 (주식 / 2차전지)",https://youtube.com/watch?v=kB6VbRoL0Z8&pp=ygUT7Yis7J6Q7KKF66qpIOy2lOyynA%3D%3D,없음,1일 전
258,[우정바이오 - 주가전망] 공시 확인 하셨나요? 4분기 확정된 매출만 '000' 넘어요! 본격적인 매출 턴어라운드 구간 국내독점 1위 달성한다!,https://youtube.com/watch?v=X_j8XXx5CtY&pp=ygUT7Yis7J6Q7KKF66qpIOy2lOyynA%3D%3D,27회,20시간 전
259,신성델타테크 #신성델타테크주가 #신성델타테크주가전망 #신성델타테크목표가,https://youtube.com/watch?v=UVanWtGxG0s&pp=ygUT7Yis7J6Q7KKF66qpIOy2lOyynA%3D%3D,4회,1일 전
260,[휴림로봇]★결국 이런 일이 터졌다!!#휴림로봇#휴림로봇 주가#휴림로봇 주가전망#상한가#폭등#주식#주식투자#매수#매도#세력#매매#로봇#로봇관련주,https://youtube.com/watch?v=BhnNnB_MIew&pp=ygUT7Yis7J6Q7KKF66qpIOy2lOyynA%3D%3D,3회,22시간 전
261,🌈[하이비젼시스템] 무조건 있는거 시초가에 다 때려박으세요! 제 2의 금양 에코프로 '이종목' 내일부터 800배 터진다! 안터지면 채널삭제 전고체배터리 최고기술력 보유,https://youtube.com/watch?v=lnORqNvu6Wc&pp=ygUT7Yis7J6Q7KKF66qpIOy2lOyynA%3D%3D,1회,19시간 전
262,[NPC] #NPC주가 #NPC주가전망 #NPC목표가,https://youtube.com/watch?v=_5U8glD2LOI&pp=ygUT7Yis7J6Q7KKF66qpIOy2lOyynA%3D%3D,4회,1일 전
263,[신성델타테크]세계가 다 너만 보잖아! 초전도체 1등다워! #초전도체 #신성델타테크 #신성델타테크전망 #신성델타테크분석 #신성델타테크목표가,https://youtube.com/watch?v=lcCuWwhokBY&pp=ygUT7Yis7J6Q7KKF66qpIOy2lOyynA%3D%3D,없음,20시간 전
264,신진에스엠 큰손 들어왔습니다 5000% 상승세!,https://youtube.com/watch?v=qTAAdDX7aOM&pp=ygUT7Yis7J6Q7KKF66qpIOy2lOyynA%3D%3D,없음,1일 전
265,[자이글] #자이글주가 #자이글주가전망 #자이글목표가,https://youtube.com/watch?v=5Z2pGDQONAA&pp=ygUT7Yis7J6Q7KKF66qpIOy2lOyynA%3D%3D,3회,1일 전
266,"[이엔플러스 주가]-(월)예상주가, 여러분 제대로 터졌습니다. 주무시기 전 꼭 보세요. #이엔플러스 #이엔플러스주가 #이엔플러스주가전망",https://youtube.com/watch?v=isZMnvlssmo&pp=ygUT7Yis7J6Q7KKF66qpIOy2lOyynA%3D%3D,58회,19시간 전
267,[카나리아바이오]★결국 이런 일이 터졌다!!#카나리아바이오 주가전망#카나리아바이오 주가분석#카나리아바이오 신고가#삼성전자#주식#주식투자#매수#매도#세력#매매,https://youtube.com/watch?v=vknx5Lr2Zv0&pp=ygUT7Yis7J6Q7KKF66qpIOy2lOyynA%3D%3D,3회,22시간 전
268,애경케미칼 #애경케미칼주가 #애경케미칼주가전망 #애경케미칼목표가,https://youtube.com/watch?v=5OU8E9ycTj4&pp=ygUT7Yis7J6Q7KKF66qpIOy2lOyynA%3D%3D,6회,1일 전
269,"프레스티지바이오로직스 글로벌 제약사와 MOU, 대형수주 가시화되나?! [이프로의 종목추천]",https://youtube.com/watch?v=K43q-8PnpgQ&pp=ygUT7Yis7J6Q7KKF66qpIOy2lOyynA%3D%3D,655회,20시간 전
270,[JLPT N1] 오타쿠 공부 28일차,https://youtube.com/watch?v=-Dt6iedr83I&pp=ygUT7Yis7J6Q7KKF66qpIOy2lOyynA%3D%3D,5회,1일 전
271,[속보]#코리아에셋투자증권  💎9월25일 월요일 10분전 긴급속보!! 지금 '이 내용' 놓치면 큰일난다!! 지금부터 10연상 나오는 이유!,https://youtube.com/watch?v=7MQj43jsaTQ&pp=ygUT7Yis7J6Q7KKF66qpIOy2lOyynA%3D%3D,없음,19시간 전
272,[강원에너지] #강원에너지주가 #강원에너지주가전망 #강원에너지목표가,https://youtube.com/watch?v=K0YuxnXFnO0&pp=ygUT7Yis7J6Q7KKF66qpIOy2lOyynA%3D%3D,1회,1일 전
273,[지더블유바이텍 - 주가전망] 공시 확인 하셨나요? 4분기 확정된 매출만 '000' 넘어요! 본격적인 매출 턴어라운드 구간 국내독점 1위 달성한다!,https://youtube.com/watch?v=2x9p_wugJzk&pp=ygUT7Yis7J6Q7KKF66qpIOy2lOyynA%3D%3D,10회,19시간 전
274,[포스코홀딩스 ] #포스코홀딩스주가 #포스코홀딩스주가전망 #포스코홀딩스 목표가,https://youtube.com/watch?v=nGvgPuxgf4U&pp=ygUT7Yis7J6Q7KKF66qpIOy2lOyynA%3D%3D,없음,1일 전
275,[미래나노텍] #미래나노텍주가 #미래나노텍주가전망 #미래나노텍목표가,https://youtube.com/watch?v=Wg8fFb25aeE&pp=ygUT7Yis7J6Q7KKF66qpIOy2lOyynA%3D%3D,없음,23시간 전
276,셀바스헬스케어/ 미국과 기술이전 체결한다? 호재 전부 줄줄이 엮인 '이 종목' 상한가 따따상 확정! 숨도쉬지 말고 무조건 쓸어 담아라!,https://youtube.com/watch?v=gVWpzAcAEeE&pp=ygUT7Yis7J6Q7KKF66qpIOy2lOyynA%3D%3D,2회,19시간 전
277,기가레인 #기가레인주가 #기가레인주가전망 #기가레인목표가,https://youtube.com/watch?v=E4651Tdz1Ac&pp=ygUT7Yis7J6Q7KKF66qpIOy2lOyynA%3D%3D,없음,1일 전
278,디젠스/ 🔥100만원 가기전까지 팔지 마라! 미친 혁신! 신기술 가지고온 '이 종목' 최근테마 줄줄이 전부 엮였다? 이번주 시초가에 미친척 매수하세요.에코프로 못샀다면 꼭 사라!,https://youtube.com/watch?v=bsQMGYjHeYQ&pp=ygUT7Yis7J6Q7KKF66qpIOy2lOyynA%3D%3D,없음,20시간 전
279,피델릭스★ 결국엔 나올게 나왔습니다. 찌라시 2개 확인하고 무조건 쓸어 담으세요! 모멘텀 전부 받고 내일부터 주가 '초급등' 합니다!,https://youtube.com/watch?v=Wyhfbtt9eAU&pp=ygUT7Yis7J6Q7KKF66qpIOy2lOyynA%3D%3D,없음,17시간 전
280,롯데손해보험★ 결국엔 나올게 나왔습니다. 찌라시 2개 확인하고 무조건 쓸어 담으세요! 모멘텀 전부 받고 내일부터 주가 '초급등' 합니다!,https://youtube.com/watch?v=AfMpO-_rdGo&pp=ygUT7Yis7J6Q7KKF66qpIOy2lOyynA%3D%3D,없음,23시간 전
281,지더블유바이텍★ 결국엔 나올게 나왔습니다. 찌라시 2개 확인하고 무조건 쓸어 담으세요! 모멘텀 전부 받고 내일부터 주가 '초급등' 합니다!,https://youtube.com/watch?v=qeJobGWGHn4&pp=ygUT7Yis7J6Q7KKF66qpIOy2lOyynA%3D%3D,없음,21시간 전
282,제주맥주/ 미국과 기술이전 체결한다? 호재 전부 줄줄이 엮인 '이 종목' 상한가 따따상 확정! 숨도쉬지 말고 무조건 쓸어 담아라!,https://youtube.com/watch?v=z-h50wvAUGs&pp=ygUT7Yis7J6Q7KKF66qpIOy2lOyynA%3D%3D,없음,20시간 전
283,롯데손해보험/ 미국과 기술이전 체결한다? 호재 전부 줄줄이 엮인 '이 종목' 상한가 따따상 확정! 숨도쉬지 말고 무조건 쓸어 담아라!,https://youtube.com/watch?v=xGhZ2xv1QN8&pp=ygUT7Yis7J6Q7KKF66qpIOy2lOyynA%3D%3D,없음,18시간 전
284,[루닛 주가전망] 다음 주 신고가 도전!! 추가적인 상승 나올 재료 '이것' #루닛,https://youtube.com/watch?v=bA_yeysMNFQ&pp=ygUT7Yis7J6Q7KKF66qpIOy2lOyynA%3D%3D,없음,22시간 전
285,[포스코스틸리온] 내일 미친듯이 사야한다? 우크라이나 재건이슈 + 랩다이아 까지 목표가 상향! '여기'까지 단숨에 급등합니다. #포스코스틸리온,https://youtube.com/watch?v=h553f-BJpNg&pp=ygUT7Yis7J6Q7KKF66qpIOy2lOyynA%3D%3D,없음,20시간 전
286,2023 09 24 비트코인 정밀분석,https://youtube.com/watch?v=diuk74IoEoo&pp=ygUT7Yis7J6Q7KKF66qpIOy2lOyynA%3D%3D,22회,22시간 전
287,(지더블유바이텍) - 살짝 터치만 해도 급등 나오는 새로운 테마의 반란! 무조건 담아야 될 마지막 9월 PICK종목은? 다른거 사지 마세요,https://youtube.com/watch?v=-oP1ESUeDj8&pp=ygUT7Yis7J6Q7KKF66qpIOy2lOyynA%3D%3D,없음,18시간 전
288,[에코프로] 9/24 큰일났습니다! 💥#주식 #급등주  #박순혁이사 #2차전지 #에코프로주가전망 #에코프로비엠주가전망 #에코프로비엠주식전망 #에코프로주식전망 #주식투자,https://youtube.com/watch?v=NW9wsq2p4bU&pp=ygUT7Yis7J6Q7KKF66qpIOy2lOyynA%3D%3D,354회,1일 전
289,★삼성중공업★ 긴급내용정리 23년도에 100배 성장합니다! 지금 바로 지르세요!,https://youtube.com/watch?v=UgrKfKWJ2vI&pp=ygUT7Yis7J6Q7KKF66qpIOy2lOyynA%3D%3D,없음,18시간 전
290,＂비츠로테크＂이번주 초비상입니다! 긴급이슈발생!,https://youtube.com/watch?v=Bj240S5a8Hg&pp=ygUT7Yis7J6Q7KKF66qpIOy2lOyynA%3D%3D,3회,22시간 전
291,제2의 포스코홀딩스 1종목 하반기 이 종목 80배 간다 에코 금양 박순혁추천주 김작가tv 서정덕tv,https://youtube.com/watch?v=oVrQmiSQJLQ&pp=ygUT7Yis7J6Q7KKF66qpIOy2lOyynA%3D%3D,38회,20시간 전
292,에스티피 코인 (STPT) 수익과 손실은 동전의 양면처럼 붙어있다,https://youtube.com/watch?v=rvGOWGyYn5Y&pp=ygUT7Yis7J6Q7KKF66qpIOy2lOyynA%3D%3D,92회,20시간 전
293,[옵티코어 주가전망] 10월 바닥부터 올라갈 주식은 단연코 '이주식'입니다. 사 놓고 한 달만 묻어두면 100배 미친 듯 오를겁니다! #옵티코어,https://youtube.com/watch?v=ifa_nX4Grw0&pp=ygUT7Yis7J6Q7KKF66qpIOy2lOyynA%3D%3D,없음,20시간 전
294,[속보]#피엔티 💎9월25일 월요일 10분전 긴급속보!! 지금 '이 내용' 놓치면 큰일난다!! 지금부터 10연상 나오는 이유!,https://youtube.com/watch?v=hGx0kMEaKiA&pp=ygUT7Yis7J6Q7KKF66qpIOy2lOyynA%3D%3D,없음,1일 전
295,[주식] 지금 미친척 당장 사야할 주식이 생겼다!! 삼성이 인수할 AI 세계1위 기술력 보유 '이주식' 2023년 결국 10배 폭등할 텐배거 주식입니다,https://youtube.com/watch?v=UWVa2tmpRy0&pp=ygUT7Yis7J6Q7KKF66qpIOy2lOyynA%3D%3D,없음,1일 전
